price,monthly_budget,price_to_budget_ratio,similar_item_owned,existing_item_working,planned_purchase,expected_usage,recent_purchases,recent_spending,average_purchase_value,category_purchase_count,days_since_last_purchase,discount_present,social_media_influence,sale_influence,purchase_reason,previous_regret_rate,impulse_purchase
3021.1,20000,0.1511,1,1,0,0,0,0.0,1500.0,1,13,1,1,0,genuine_need,0.151,1
2648.01,75000,0.0353,1,0,0,0,2,4633.34,2316.67,4,20,0,0,0,upgrade,0.371,0
954.26,35000,0.0273,0,0,1,4,6,20192.9,3365.48,1,17,1,0,1,social_media,0.032,1
7051.94,35000,0.2015,1,1,0,0,4,2493.29,623.32,1,1,1,1,0,discount,0.075,1
4154.72,20000,0.2077,0,0,1,30,3,5168.38,1722.79,0,16,0,1,1,boredom,0.334,0
6568.58,20000,0.3284,1,0,1,1,4,11289.21,2822.3,3,16,0,0,1,discount,0.507,1
7050.64,10000,0.7051,0,0,0,4,2,1915.19,957.6,0,2,0,0,1,upgrade,0.502,1
5029.09,50000,0.1006,0,0,0,1,2,2651.63,1325.82,5,2,1,0,1,social_media,0.152,1
2224.43,35000,0.0636,0,0,0,4,2,4748.45,2374.22,0,19,1,1,1,genuine_need,0.396,0
3500.54,35000,0.1,1,1,0,4,3,11508.93,3836.31,0,10,0,1,1,social_media,0.214,1
811.76,10000,0.0812,0,0,0,0,3,4517.1,1505.7,1,21,0,1,1,upgrade,0.117,0
4119.2,75000,0.0549,0,0,0,4,5,11031.73,2206.35,2,3,0,0,0,genuine_need,0.441,0
891.39,50000,0.0178,1,0,0,4,5,9498.79,1899.76,4,1,1,1,0,genuine_need,0.398,1
4344.02,20000,0.2172,0,0,0,30,2,7281.78,3640.89,1,3,0,0,0,boredom,0.114,0
1112.95,20000,0.0556,0,0,0,1,0,0.0,1500.0,3,8,1,1,1,discount,0.365,1
637.69,20000,0.0319,0,0,0,4,1,2481.52,2481.52,3,9,1,0,1,genuine_need,0.037,0
832.33,20000,0.0416,0,0,1,30,3,10384.26,3461.42,1,24,1,0,0,replacement,0.466,0
206.98,35000,0.0059,1,0,1,15,2,7916.82,3958.41,0,16,1,0,1,upgrade,0.186,0
4639.66,20000,0.232,1,1,0,30,5,14727.7,2945.54,1,56,1,1,0,genuine_need,0.701,0
4813.93,20000,0.2407,0,0,0,30,2,3659.55,1829.78,2,1,1,1,0,genuine_need,0.352,0
2732.14,35000,0.0781,1,1,0,4,2,3882.77,1941.38,0,2,1,0,0,social_media,0.422,1
815.92,10000,0.0816,0,0,0,15,5,8654.44,1730.89,0,2,0,0,0,social_media,0.48,1
505.38,20000,0.0253,0,0,0,1,7,18288.52,2612.65,0,10,0,0,0,boredom,0.334,1
267.6,20000,0.0134,0,0,1,4,4,12351.68,3087.92,0,4,1,0,1,genuine_need,0.257,0
834.27,20000,0.0417,0,0,1,30,5,16840.68,3368.14,3,14,1,0,1,looks_cool,0.506,0
7952.79,50000,0.1591,0,0,0,4,3,5874.23,1958.08,0,2,1,0,0,replacement,0.262,1
1167.61,20000,0.0584,1,1,1,15,5,15042.4,3008.48,0,2,1,0,0,replacement,0.344,0
1730.82,35000,0.0495,1,0,0,15,2,7413.56,3706.78,3,8,1,1,1,genuine_need,0.583,0
589.61,35000,0.0168,0,0,0,4,6,22337.32,3722.89,0,6,1,1,1,boredom,0.158,1
1080.23,10000,0.108,1,1,0,30,2,5928.2,2964.1,0,22,0,0,1,boredom,0.38,1
2763.24,35000,0.0789,1,1,0,4,1,2729.16,2729.16,1,22,0,0,0,looks_cool,0.472,1
3475.52,20000,0.1738,1,1,0,1,1,2360.34,2360.34,2,2,0,0,0,genuine_need,0.544,0
1185.26,10000,0.1185,1,1,0,30,8,9129.53,1141.19,0,21,0,0,0,looks_cool,0.299,1
408.13,75000,0.0054,0,0,0,4,5,4663.52,932.7,1,10,1,1,0,discount,0.506,1
1935.97,75000,0.0258,1,1,0,15,4,8799.95,2199.99,1,9,0,1,1,genuine_need,0.147,1
1133.94,50000,0.0227,1,1,1,4,1,1058.05,1058.05,0,2,1,0,0,replacement,0.495,0
1067.61,20000,0.0534,1,0,1,4,6,15117.0,2519.5,2,17,1,1,1,discount,0.415,1
11454.08,10000,1.1454,0,0,0,30,1,2759.96,2759.96,1,1,0,1,1,social_media,0.317,1
3552.63,35000,0.1015,0,0,0,4,5,11698.27,2339.65,0,4,0,0,0,looks_cool,0.511,1
3048.69,20000,0.1524,0,0,0,4,2,1254.99,627.5,1,2,0,1,1,discount,0.229,1
2081.14,10000,0.2081,0,0,1,1,6,4212.29,702.05,3,10,1,0,0,discount,0.357,1
2160.94,20000,0.108,0,0,0,30,3,2690.08,896.69,3,13,0,0,1,discount,0.683,0
2924.74,10000,0.2925,1,1,0,0,6,6226.56,1037.76,2,27,0,0,1,social_media,0.333,1
4372.5,75000,0.0583,0,0,0,30,3,11893.77,3964.59,2,16,1,1,0,genuine_need,0.476,0
4439.03,20000,0.222,1,1,0,4,6,10234.4,1705.73,0,39,1,0,1,social_media,0.656,1
859.3,35000,0.0246,0,0,0,15,5,7609.53,1521.91,0,18,1,0,0,replacement,0.11,0
2626.8,20000,0.1313,1,0,1,30,1,682.93,682.93,0,5,1,1,0,upgrade,0.227,1
2058.35,35000,0.0588,0,0,1,1,3,8170.86,2723.62,4,10,0,0,1,genuine_need,0.248,0
7354.99,35000,0.2101,0,0,0,4,3,8348.0,2782.67,0,8,1,1,0,discount,0.213,1
3693.33,20000,0.1847,1,1,0,15,2,2228.14,1114.07,4,11,0,0,0,genuine_need,0.277,0
2861.28,75000,0.0382,1,1,0,15,4,14869.38,3717.34,2,11,0,0,0,looks_cool,0.132,0
629.15,50000,0.0126,1,1,0,4,2,6603.45,3301.72,0,15,1,0,0,discount,0.168,1
3456.7,75000,0.0461,0,0,1,15,4,5224.47,1306.12,2,2,1,1,1,boredom,0.123,1
636.31,50000,0.0127,0,0,0,15,4,8801.9,2200.48,4,17,1,0,1,replacement,0.315,0
1639.52,35000,0.0468,1,1,0,30,0,0.0,1500.0,1,2,1,0,0,discount,0.331,1
739.47,75000,0.0099,0,0,0,15,4,6879.29,1719.82,1,1,1,0,0,boredom,0.139,1
4322.63,10000,0.4323,1,0,1,4,2,6723.44,3361.72,0,9,1,0,0,replacement,0.308,0
1008.46,20000,0.0504,0,0,1,30,3,2647.28,882.43,3,11,0,0,0,genuine_need,0.276,0
1940.72,10000,0.1941,0,0,0,4,3,5860.8,1953.6,1,1,0,0,0,discount,0.33,0
8110.85,20000,0.4055,0,0,0,0,2,3996.22,1998.11,0,9,0,0,1,upgrade,0.219,1
999.94,20000,0.05,0,0,0,4,0,0.0,1500.0,1,10,0,0,1,replacement,0.402,0
2681.08,20000,0.1341,1,1,1,1,1,3514.72,3514.72,3,1,0,1,1,boredom,0.203,1
2102.15,50000,0.042,1,1,0,1,5,6317.92,1263.58,0,15,1,0,0,social_media,0.116,1
264.02,20000,0.0132,0,0,0,4,4,3440.92,860.23,1,3,1,0,0,upgrade,0.153,0
5708.54,20000,0.2854,1,1,0,1,2,5324.66,2662.33,1,19,0,0,0,genuine_need,0.653,1
450.41,35000,0.0129,0,0,1,15,1,1108.42,1108.42,1,5,0,0,0,genuine_need,0.185,0
2450.29,10000,0.245,0,0,0,1,1,762.26,762.26,2,8,1,1,1,replacement,0.107,1
3078.83,50000,0.0616,0,0,0,1,3,5979.82,1993.27,3,27,1,1,0,upgrade,0.27,1
3665.03,10000,0.3665,1,1,0,1,3,3806.29,1268.76,3,20,1,0,0,upgrade,0.18,1
4283.73,100000,0.0428,1,0,1,1,3,5292.77,1764.26,0,19,1,1,0,genuine_need,0.397,0
1222.19,50000,0.0244,1,1,1,4,5,7044.94,1408.99,0,3,1,1,1,boredom,0.193,1
235.1,20000,0.0118,1,1,1,4,4,3296.91,824.23,3,1,1,1,0,discount,0.228,1
4698.69,10000,0.4699,1,1,0,30,3,7383.65,2461.22,2,12,0,1,1,genuine_need,0.194,1
2884.96,50000,0.0577,1,1,0,30,0,0.0,1500.0,6,7,0,0,0,social_media,0.651,1
6530.12,35000,0.1866,1,1,1,30,7,27176.2,3882.31,3,29,0,1,1,genuine_need,0.357,0
6228.9,35000,0.178,1,1,0,1,3,5083.97,1694.66,2,6,1,1,0,social_media,0.093,1
6687.56,50000,0.1338,0,0,1,4,4,11732.21,2933.05,3,7,1,0,1,social_media,0.249,1
2523.2,10000,0.2523,0,0,1,1,4,13345.08,3336.27,0,9,1,0,1,boredom,0.513,1
1620.68,20000,0.081,0,0,0,15,4,5907.47,1476.87,2,20,0,1,0,replacement,0.307,0
5688.33,10000,0.5688,0,0,0,1,1,3120.59,3120.59,1,4,1,0,0,genuine_need,0.025,1
2300.67,50000,0.046,1,1,1,4,4,13653.89,3413.47,4,35,0,1,0,genuine_need,0.158,0
909.3,35000,0.026,0,0,1,1,3,4033.83,1344.61,1,10,1,0,1,genuine_need,0.384,0
6957.95,20000,0.3479,1,1,0,1,4,15894.93,3973.73,3,23,1,0,1,social_media,0.518,1
7696.39,10000,0.7696,0,0,0,30,2,1144.82,572.41,0,9,1,1,1,social_media,0.421,1
2397.79,20000,0.1199,0,0,0,15,5,6297.51,1259.5,0,18,0,1,1,boredom,0.12,1
475.51,20000,0.0238,0,0,0,30,3,9690.22,3230.07,1,1,1,0,0,replacement,0.539,0
1917.59,35000,0.0548,1,1,0,4,1,1179.46,1179.46,2,20,1,1,1,social_media,0.148,1
5895.5,35000,0.1684,0,0,0,30,4,11775.64,2943.91,0,9,1,0,0,genuine_need,0.071,0
8321.7,50000,0.1664,0,0,1,15,6,20966.14,3494.36,0,8,0,0,0,looks_cool,0.123,1
996.23,20000,0.0498,1,0,1,30,1,3857.25,3857.25,1,2,1,0,0,genuine_need,0.504,0
442.63,10000,0.0443,1,0,1,4,3,6479.6,2159.87,1,17,0,0,1,social_media,0.144,0
7544.48,35000,0.2156,0,0,0,4,2,7797.76,3898.88,1,2,1,0,1,replacement,0.537,1
1926.62,50000,0.0385,0,0,0,15,6,11644.07,1940.68,0,3,1,1,1,genuine_need,0.397,0
2931.28,35000,0.0838,0,0,1,4,1,1263.45,1263.45,1,2,1,1,0,social_media,0.154,0
12254.27,50000,0.2451,1,1,0,30,4,9194.91,2298.73,2,1,1,0,0,looks_cool,0.295,1
441.09,20000,0.0221,0,0,0,30,2,5548.76,2774.38,3,14,0,1,0,social_media,0.278,0
3857.6,35000,0.1102,0,0,0,4,5,10514.36,2102.87,1,4,0,1,0,replacement,0.09,0
469.48,20000,0.0235,0,0,1,4,2,4968.81,2484.41,1,2,0,0,1,upgrade,0.288,0
1847.64,10000,0.1848,0,0,1,4,1,1957.43,1957.43,0,5,1,0,0,genuine_need,0.166,0
5900.43,10000,0.59,1,0,0,30,2,4673.33,2336.66,2,9,1,1,0,looks_cool,0.238,1
2188.8,10000,0.2189,0,0,1,15,5,19170.42,3834.08,2,9,0,1,1,genuine_need,0.307,0
20751.49,35000,0.5929,0,0,0,0,2,4498.82,2249.41,0,6,1,1,0,looks_cool,0.526,1
3065.96,20000,0.1533,0,0,0,4,2,2772.26,1386.13,0,9,0,0,1,discount,0.274,1
1555.81,35000,0.0445,0,0,1,0,3,9466.84,3155.61,0,7,0,1,1,discount,0.527,1
1070.11,75000,0.0143,0,0,1,15,4,6726.18,1681.54,3,21,0,1,1,looks_cool,0.142,0
1710.54,20000,0.0855,1,1,0,4,2,6713.45,3356.72,3,1,1,1,0,discount,0.151,1
1831.23,20000,0.0916,1,1,0,4,4,2795.79,698.95,2,25,0,0,0,replacement,0.302,0
449.16,50000,0.009,1,1,1,15,4,6650.49,1662.62,1,4,1,0,1,replacement,0.188,0
1814.76,20000,0.0907,1,1,1,0,3,2490.78,830.26,3,16,1,0,0,genuine_need,0.062,0
2384.23,10000,0.2384,1,1,1,1,7,5590.29,798.61,1,7,1,0,1,upgrade,0.461,1
4689.77,20000,0.2345,0,0,0,4,0,0.0,1500.0,3,5,1,0,0,genuine_need,0.24,0
3942.33,20000,0.1971,1,0,1,1,4,7394.69,1848.67,1,12,0,1,1,discount,0.373,1
4517.69,75000,0.0602,1,1,1,4,5,17750.88,3550.18,1,18,0,0,0,genuine_need,0.276,0
229.4,50000,0.0046,1,1,0,30,3,6922.25,2307.42,0,8,0,0,0,looks_cool,0.116,1
1059.16,35000,0.0303,0,0,1,30,0,0.0,1500.0,0,8,0,0,1,social_media,0.163,0
3993.22,50000,0.0799,0,0,0,30,5,15115.56,3023.11,1,1,1,0,1,looks_cool,0.176,1
2515.7,50000,0.0503,1,1,0,30,4,10736.24,2684.06,0,31,0,0,1,genuine_need,0.204,0
218.65,20000,0.0109,1,1,1,4,1,3298.58,3298.58,2,23,1,0,0,social_media,0.279,0
5912.59,50000,0.1183,1,1,0,4,0,0.0,1500.0,3,7,0,1,1,looks_cool,0.406,1
5386.88,35000,0.1539,0,0,0,1,3,3253.64,1084.55,1,18,0,1,1,genuine_need,0.184,0
2982.5,50000,0.0596,0,0,1,30,4,11384.34,2846.08,2,5,1,0,0,boredom,0.168,0
440.71,50000,0.0088,0,0,0,15,4,7481.69,1870.42,2,16,0,1,0,replacement,0.24,0
5291.23,20000,0.2646,1,1,0,1,1,2121.0,2121.0,2,9,1,0,0,replacement,0.285,1
3267.34,10000,0.3267,0,0,1,4,2,7450.95,3725.48,0,8,0,1,0,upgrade,0.19,1
5530.77,20000,0.2765,0,0,0,4,1,1759.87,1759.87,2,1,0,1,1,genuine_need,0.15,0
5076.57,20000,0.2538,1,0,0,4,1,2641.86,2641.86,3,41,0,0,0,looks_cool,0.163,0
5885.97,50000,0.1177,0,0,0,30,0,0.0,1500.0,2,22,1,0,0,replacement,0.62,0
2754.4,50000,0.0551,1,1,0,4,4,3326.18,831.54,0,19,0,0,0,upgrade,0.284,0
729.2,10000,0.0729,0,0,1,30,3,6262.02,2087.34,1,5,0,0,0,discount,0.13,0
4092.62,35000,0.1169,1,1,1,4,1,2589.72,2589.72,2,5,1,1,0,social_media,0.329,1
3590.91,20000,0.1795,1,1,0,15,5,9631.31,1926.26,1,11,1,0,0,replacement,0.055,1
4945.22,20000,0.2473,1,1,1,30,5,9336.66,1867.33,1,23,1,0,0,social_media,0.142,1
851.65,10000,0.0852,1,1,0,30,3,10113.97,3371.32,2,33,1,0,1,genuine_need,0.324,0
959.09,20000,0.048,0,0,0,1,7,4227.29,603.9,3,4,1,0,0,social_media,0.147,1
7938.52,75000,0.1058,0,0,1,1,1,1534.55,1534.55,1,12,1,0,1,looks_cool,0.099,0
5051.72,20000,0.2526,0,0,1,4,3,10023.45,3341.15,1,16,0,0,0,genuine_need,0.032,0
8559.59,35000,0.2446,1,1,0,4,5,18609.28,3721.86,1,4,0,1,0,genuine_need,0.368,1
5176.22,35000,0.1479,1,1,0,15,2,3886.1,1943.05,1,7,0,0,1,discount,0.368,1
3382.21,20000,0.1691,0,0,0,30,2,7221.56,3610.78,3,3,0,1,0,genuine_need,0.344,0
3915.95,100000,0.0392,1,1,0,1,2,2392.51,1196.26,3,15,1,1,0,genuine_need,0.222,1
7897.82,75000,0.1053,0,0,0,4,5,6374.97,1274.99,1,24,1,0,0,genuine_need,0.123,0
3226.32,20000,0.1613,1,1,1,1,2,6923.34,3461.67,1,26,0,0,1,upgrade,0.153,0
3702.58,20000,0.1851,1,0,0,30,1,3661.4,3661.4,2,14,0,0,0,replacement,0.136,0
795.59,20000,0.0398,0,0,1,30,3,3839.46,1279.82,1,6,1,1,1,upgrade,0.185,0
2448.07,20000,0.1224,0,0,0,4,3,2122.9,707.63,3,13,1,0,0,upgrade,0.38,1
4610.63,10000,0.4611,0,0,0,1,1,816.13,816.13,1,24,1,0,0,social_media,0.09,1
1306.01,35000,0.0373,1,0,0,15,5,7074.16,1414.83,3,12,1,1,1,boredom,0.583,1
990.88,35000,0.0283,0,0,0,15,2,6330.14,3165.07,0,7,1,1,0,upgrade,0.535,1
1518.19,10000,0.1518,0,0,1,4,4,9139.89,2284.97,1,31,0,1,0,upgrade,0.338,0
1167.45,20000,0.0584,0,0,0,30,5,10472.8,2094.56,3,22,0,0,1,replacement,0.138,0
1046.86,75000,0.014,0,0,0,30,4,10177.96,2544.49,1,26,1,0,1,discount,0.051,0
2135.94,20000,0.1068,0,0,1,4,5,18078.9,3615.78,1,29,1,1,1,boredom,0.223,1
8544.75,10000,0.8545,1,1,1,4,4,3266.03,816.51,1,7,0,0,0,social_media,0.121,1
2675.78,20000,0.1338,0,0,0,4,4,11726.14,2931.54,0,24,1,0,1,replacement,0.312,0
928.55,100000,0.0093,1,1,0,4,2,7487.54,3743.77,1,11,0,1,0,looks_cool,0.575,1
480.33,20000,0.024,1,1,1,4,6,7480.35,1246.73,4,1,1,1,1,social_media,0.34,1
4369.34,35000,0.1248,0,0,1,4,0,0.0,1500.0,1,13,1,1,0,genuine_need,0.662,0
1888.96,50000,0.0378,0,0,1,1,1,2943.09,2943.09,1,8,1,0,1,social_media,0.234,0
6237.58,20000,0.3119,1,1,0,4,0,0.0,1500.0,1,4,0,1,0,replacement,0.34,1
3970.8,35000,0.1135,1,1,1,1,2,2621.28,1310.64,2,43,1,0,1,upgrade,0.333,1
5767.87,20000,0.2884,0,0,0,4,1,2620.46,2620.46,2,1,1,0,1,replacement,0.195,1
1310.83,35000,0.0375,0,0,0,15,2,4516.8,2258.4,1,35,1,1,1,genuine_need,0.409,0
4325.88,35000,0.1236,0,0,1,15,8,18782.22,2347.78,2,3,0,1,1,social_media,0.233,1
1273.13,35000,0.0364,1,0,0,4,5,6558.78,1311.76,1,6,0,0,0,looks_cool,0.04,1
9993.02,10000,0.9993,0,0,0,4,2,5725.02,2862.51,0,7,1,0,0,replacement,0.211,1
3740.71,50000,0.0748,0,0,0,30,1,1432.46,1432.46,1,16,1,0,0,replacement,0.09,0
1573.12,20000,0.0787,1,1,0,4,2,3726.04,1863.02,2,3,0,0,1,upgrade,0.514,1
1299.15,20000,0.065,1,0,1,30,5,8956.03,1791.21,2,52,0,1,1,social_media,0.334,0
941.53,10000,0.0942,0,0,1,4,5,14260.44,2852.09,1,17,0,0,0,genuine_need,0.161,0
4351.93,35000,0.1243,0,0,0,15,2,1631.77,815.88,1,19,0,1,0,social_media,0.232,1
1063.86,35000,0.0304,1,0,0,1,4,4877.59,1219.4,0,2,0,0,0,boredom,0.426,1
3366.16,10000,0.3366,0,0,1,15,1,1201.74,1201.74,0,8,1,0,1,discount,0.421,1
1275.86,35000,0.0365,0,0,1,30,1,879.49,879.49,0,35,0,0,1,genuine_need,0.127,0
3996.16,20000,0.1998,1,1,0,30,1,1226.58,1226.58,2,4,0,0,0,replacement,0.456,0
6104.76,35000,0.1744,0,0,1,30,5,13123.55,2624.71,2,2,1,0,1,genuine_need,0.315,0
5468.17,20000,0.2734,1,1,1,4,2,6125.18,3062.59,1,8,1,0,1,replacement,0.295,0
5207.34,35000,0.1488,1,1,0,4,4,11244.25,2811.06,1,32,0,0,0,social_media,0.246,1
927.7,20000,0.0464,0,0,0,4,4,8652.63,2163.16,1,9,1,1,0,genuine_need,0.291,0
523.88,75000,0.007,0,0,0,4,5,3417.6,683.52,2,7,0,0,1,replacement,0.323,0
4401.66,10000,0.4402,1,1,1,1,4,15426.1,3856.52,0,13,1,0,1,upgrade,0.033,1
1807.95,20000,0.0904,1,1,0,30,3,3264.8,1088.27,4,34,1,0,1,looks_cool,0.256,1
2181.85,10000,0.2182,1,1,0,30,3,8518.42,2839.47,0,1,1,0,0,replacement,0.044,0
310.76,75000,0.0041,1,1,0,4,3,11085.35,3695.12,1,2,0,1,0,social_media,0.151,1
1251.87,50000,0.025,0,0,1,4,5,14711.1,2942.22,0,2,0,1,0,discount,0.254,0
319.9,20000,0.016,1,1,0,1,4,5052.69,1263.17,1,2,1,0,0,discount,0.298,1
7597.25,35000,0.2171,0,0,1,15,3,4815.86,1605.29,2,5,1,0,1,looks_cool,0.33,1
1176.21,50000,0.0235,0,0,1,4,2,1211.44,605.72,0,4,1,0,0,genuine_need,0.635,0
3052.31,35000,0.0872,0,0,0,30,4,10578.62,2644.66,0,10,1,0,1,upgrade,0.113,1
339.16,35000,0.0097,0,0,0,15,5,13227.38,2645.48,2,5,1,0,0,social_media,0.126,0
4047.04,20000,0.2024,1,1,0,15,1,3039.25,3039.25,0,7,1,0,0,looks_cool,0.198,1
1565.44,10000,0.1565,0,0,1,4,5,2692.44,538.49,1,35,0,1,1,genuine_need,0.568,0
8186.97,50000,0.1637,0,0,0,0,5,16812.22,3362.44,2,3,0,0,0,replacement,0.468,0
7866.09,75000,0.1049,0,0,0,30,2,6170.98,3085.49,2,6,1,1,0,genuine_need,0.156,0
1577.16,35000,0.0451,1,1,0,15,2,1986.21,993.1,2,4,0,0,1,looks_cool,0.143,1
8292.84,20000,0.4146,1,1,0,30,2,3433.39,1716.7,1,10,1,1,0,looks_cool,0.153,1
19665.87,20000,0.9833,0,0,1,4,2,5469.67,2734.84,2,16,1,0,0,upgrade,0.196,0
6308.72,35000,0.1802,0,0,1,15,4,8941.16,2235.29,3,21,0,0,0,genuine_need,0.171,0
6722.25,50000,0.1344,0,0,1,1,3,2708.49,902.83,2,9,1,0,1,genuine_need,0.238,0
1202.26,50000,0.024,1,1,0,15,1,805.71,805.71,4,24,1,0,1,discount,0.147,1
3208.88,50000,0.0642,1,0,0,15,5,16175.49,3235.1,0,19,1,0,0,boredom,0.462,0
443.69,35000,0.0127,0,0,1,15,2,2091.77,1045.88,2,3,0,0,1,looks_cool,0.286,0
549.05,10000,0.0549,1,1,0,15,3,3306.97,1102.32,0,4,0,0,0,social_media,0.432,1
24020.13,20000,1.201,0,0,1,1,0,0.0,1500.0,1,14,1,0,1,upgrade,0.211,1
1584.16,50000,0.0317,1,1,0,30,1,2642.49,2642.49,2,45,0,0,0,boredom,0.029,0
5026.7,35000,0.1436,0,0,0,30,3,7849.51,2616.5,1,6,1,0,0,looks_cool,0.266,0
5951.66,10000,0.5952,0,0,1,1,2,4355.42,2177.71,3,4,0,1,0,replacement,0.347,1
7032.32,10000,0.7032,0,0,1,30,2,4982.97,2491.48,1,25,0,0,0,social_media,0.614,0
21354.52,35000,0.6101,0,0,1,4,3,7818.58,2606.19,2,3,0,1,0,upgrade,0.088,1
1167.43,10000,0.1167,1,0,0,15,2,7774.78,3887.39,3,15,0,0,0,discount,0.081,0
344.16,20000,0.0172,0,0,0,4,3,3841.22,1280.41,3,1,0,1,0,boredom,0.107,1
2053.79,35000,0.0587,1,1,0,30,5,6254.84,1250.97,0,1,0,0,0,replacement,0.607,0
687.74,35000,0.0196,1,0,1,1,3,2100.79,700.26,2,8,0,0,1,social_media,0.253,0
279.38,35000,0.008,0,0,1,4,5,14018.48,2803.7,0,13,1,0,0,discount,0.334,0
1764.34,20000,0.0882,0,0,0,4,4,9686.59,2421.65,1,2,1,1,0,boredom,0.121,1
5559.43,35000,0.1588,0,0,1,4,4,3557.35,889.34,3,18,1,1,1,genuine_need,0.036,0
3122.95,20000,0.1561,1,1,1,15,4,7103.55,1775.89,1,2,1,1,1,social_media,0.076,1
1512.84,20000,0.0756,0,0,1,1,2,2250.64,1125.32,3,10,1,1,1,genuine_need,0.102,0
3918.07,35000,0.1119,0,0,0,15,2,3320.37,1660.18,1,5,1,1,1,replacement,0.711,1
1123.96,35000,0.0321,0,0,0,30,5,19147.12,3829.42,2,17,1,0,1,replacement,0.163,0
250.7,50000,0.005,1,1,1,30,5,14458.08,2891.62,4,20,0,1,1,upgrade,0.279,0
5258.98,35000,0.1503,0,0,0,30,1,526.49,526.49,1,1,0,0,1,boredom,0.653,1
3621.19,35000,0.1035,0,0,1,4,3,4151.33,1383.78,0,3,1,1,0,genuine_need,0.198,0
5228.65,10000,0.5229,0,0,1,4,8,4290.12,536.26,2,27,1,0,1,genuine_need,0.201,0
339.01,20000,0.017,0,0,1,4,3,9006.12,3002.04,0,7,1,0,0,replacement,0.347,0
6551.59,20000,0.3276,1,1,0,0,6,12857.86,2142.98,1,8,0,0,0,upgrade,0.315,1
3582.18,20000,0.1791,0,0,0,30,1,3979.07,3979.07,1,3,1,0,0,genuine_need,0.159,0
3100.55,100000,0.031,1,1,0,1,3,9202.62,3067.54,0,64,0,1,0,boredom,0.535,1
3629.3,20000,0.1815,1,1,0,30,2,4625.39,2312.7,4,31,0,0,0,discount,0.054,0
7194.02,50000,0.1439,1,0,0,1,1,3316.47,3316.47,3,1,0,1,0,social_media,0.073,1
3294.54,35000,0.0941,1,1,0,30,2,5933.63,2966.82,1,10,1,0,0,social_media,0.477,1
3244.18,50000,0.0649,0,0,0,1,3,4059.65,1353.22,1,25,1,1,0,discount,0.496,1
16564.26,35000,0.4733,0,0,0,0,4,9423.62,2355.91,2,7,0,1,1,looks_cool,0.495,1
5147.54,35000,0.1471,1,1,0,15,2,4891.99,2446.0,1,7,1,0,0,looks_cool,0.295,1
2243.73,20000,0.1122,0,0,0,4,2,4158.62,2079.31,3,6,0,1,0,genuine_need,0.329,0
4501.28,20000,0.2251,1,1,0,15,3,3381.52,1127.17,3,1,1,0,0,looks_cool,0.382,1
1925.62,35000,0.055,0,0,1,4,5,6408.96,1281.79,2,19,1,0,1,upgrade,0.206,0
1109.67,20000,0.0555,1,0,0,1,3,4451.0,1483.67,0,8,0,0,1,replacement,0.401,0
3379.58,10000,0.338,1,1,0,30,3,1607.68,535.89,1,10,0,1,1,discount,0.414,1
9417.68,35000,0.2691,0,0,1,4,2,7418.61,3709.3,2,4,0,0,0,replacement,0.332,0
9464.65,20000,0.4732,0,0,1,15,1,2901.34,2901.34,2,19,0,0,0,upgrade,0.213,0
1664.42,75000,0.0222,1,0,0,4,3,8740.98,2913.66,4,19,1,0,1,social_media,0.24,1
2825.33,75000,0.0377,1,0,1,15,4,10012.63,2503.16,5,10,0,0,0,genuine_need,0.5,0
1032.28,75000,0.0138,0,0,1,4,2,5825.18,2912.59,0,29,0,1,0,genuine_need,0.204,0
19216.36,20000,0.9608,1,1,1,1,1,3936.52,3936.52,0,2,0,0,0,boredom,0.44,1
14093.39,10000,1.4093,0,0,0,4,5,9240.31,1848.06,2,19,0,0,1,upgrade,0.007,1
3869.47,75000,0.0516,0,0,1,4,2,5987.68,2993.84,1,10,1,0,0,replacement,0.484,0
5911.14,20000,0.2956,1,0,0,4,2,3516.7,1758.35,3,4,1,0,1,boredom,0.239,1
4594.66,75000,0.0613,1,1,0,15,5,17450.05,3490.01,2,2,1,1,0,looks_cool,0.348,1
3347.66,75000,0.0446,1,1,1,15,1,3503.1,3503.1,3,5,1,0,1,genuine_need,0.158,0
391.88,50000,0.0078,1,1,0,0,3,10973.8,3657.93,2,24,1,1,0,upgrade,0.553,1
2322.88,20000,0.1161,0,0,1,4,6,3114.73,519.12,1,19,1,0,0,looks_cool,0.216,0
4131.45,20000,0.2066,1,0,0,4,4,6174.68,1543.67,4,13,1,0,1,genuine_need,0.387,0
4161.13,50000,0.0832,0,0,1,1,6,5812.41,968.74,0,2,1,1,0,discount,0.195,1
1834.52,20000,0.0917,0,0,0,1,0,0.0,1500.0,3,38,1,1,1,replacement,0.698,1
10147.06,20000,0.5074,0,0,0,1,3,6702.22,2234.07,1,5,1,1,1,social_media,0.394,1
841.03,35000,0.024,0,0,0,30,5,6978.32,1395.66,0,12,0,0,0,genuine_need,0.289,0
2628.53,75000,0.035,0,0,0,15,3,9096.19,3032.06,1,20,1,0,0,discount,0.308,1
4309.14,35000,0.1231,0,0,0,1,4,5776.78,1444.2,2,2,0,1,1,genuine_need,0.181,0
4380.65,35000,0.1252,0,0,1,0,1,3488.62,3488.62,1,13,0,0,1,replacement,0.115,0
3860.79,10000,0.3861,0,0,0,15,7,7852.65,1121.81,1,1,1,0,1,genuine_need,0.281,1
1326.93,35000,0.0379,1,0,1,4,2,3570.65,1785.32,0,2,0,0,0,replacement,0.021,0
794.47,100000,0.0079,0,0,0,15,4,10711.33,2677.83,3,16,0,0,1,looks_cool,0.149,1
3736.53,10000,0.3737,0,0,0,30,4,10474.69,2618.67,0,3,1,0,0,looks_cool,0.615,1
3400.92,35000,0.0972,1,0,1,4,1,773.1,773.1,2,8,1,1,0,social_media,0.525,0
891.83,50000,0.0178,1,1,0,1,3,10385.72,3461.91,1,4,0,0,1,discount,0.068,1
4474.38,35000,0.1278,1,1,1,15,3,7779.68,2593.23,0,7,0,1,1,replacement,0.067,0
2325.5,35000,0.0664,0,0,1,30,6,21267.05,3544.51,1,1,1,0,0,replacement,0.271,0
4056.65,35000,0.1159,1,1,0,4,4,14146.9,3536.72,0,17,0,0,1,replacement,0.335,0
6556.91,20000,0.3278,0,0,1,15,3,7232.15,2410.72,1,1,0,0,0,social_media,0.299,1
851.01,20000,0.0426,0,0,1,4,3,11063.21,3687.74,0,22,0,0,0,replacement,0.22,0
267.66,50000,0.0054,0,0,0,4,3,10408.28,3469.43,2,14,0,0,1,boredom,0.265,1
5485.2,50000,0.1097,1,1,1,15,3,11560.29,3853.43,2,7,0,1,0,social_media,0.292,0
3492.92,50000,0.0699,0,0,0,30,4,13906.98,3476.74,0,25,1,1,0,boredom,0.28,1
4409.7,75000,0.0588,0,0,0,15,3,10122.64,3374.21,0,3,0,0,1,upgrade,0.102,1
6573.91,35000,0.1878,0,0,1,15,1,2142.76,2142.76,2,4,0,0,1,discount,0.581,1
5882.57,35000,0.1681,1,1,1,1,4,4968.43,1242.11,2,2,1,0,1,replacement,0.186,0
11547.52,50000,0.231,1,1,1,1,5,18437.4,3687.48,1,6,1,0,1,discount,0.104,1
2887.06,35000,0.0825,0,0,1,4,5,15144.61,3028.92,1,52,1,1,0,boredom,0.13,0
2546.4,35000,0.0728,1,1,1,1,3,4458.35,1486.12,1,3,1,0,0,genuine_need,0.225,0
1998.92,50000,0.04,0,0,1,15,3,5080.46,1693.49,1,22,1,0,1,replacement,0.275,0
784.05,50000,0.0157,1,1,0,4,5,14506.37,2901.27,1,13,0,1,0,replacement,0.073,1
3175.18,20000,0.1588,0,0,0,15,3,6517.08,2172.36,0,1,0,0,1,boredom,0.442,1
1335.27,20000,0.0668,1,1,0,30,2,1570.38,785.19,0,35,1,0,1,genuine_need,0.222,0
9097.73,10000,0.9098,0,0,1,4,3,2985.2,995.07,0,43,0,0,1,social_media,0.119,1
3262.94,35000,0.0932,1,1,0,1,1,3109.77,3109.77,4,32,0,0,1,replacement,0.186,0
3344.92,10000,0.3345,0,0,0,15,4,6599.97,1649.99,0,9,1,1,0,looks_cool,0.5,1
1734.36,20000,0.0867,0,0,0,30,5,11383.86,2276.77,3,3,1,0,1,upgrade,0.505,1
386.86,35000,0.0111,0,0,1,15,3,9549.53,3183.18,0,6,1,0,1,replacement,0.301,0
312.9,20000,0.0156,0,0,1,0,3,9387.34,3129.11,0,12,0,0,1,social_media,0.213,0
2126.73,35000,0.0608,0,0,0,0,1,1084.55,1084.55,2,6,1,0,0,looks_cool,0.033,1
509.25,10000,0.0509,1,1,0,4,2,1688.76,844.38,4,15,1,0,0,upgrade,0.048,1
3467.45,10000,0.3467,0,0,0,1,2,5138.07,2569.04,3,20,1,1,0,social_media,0.125,0
7649.42,50000,0.153,1,0,0,30,6,18574.29,3095.72,1,3,0,0,1,genuine_need,0.206,0
7706.99,20000,0.3853,1,1,0,30,5,5108.2,1021.64,0,7,0,1,0,boredom,0.566,1
3966.02,10000,0.3966,1,1,1,4,4,7207.37,1801.84,3,38,1,0,1,genuine_need,0.192,0
1030.49,35000,0.0294,1,1,1,4,6,21275.84,3545.97,2,4,0,0,0,replacement,0.24,0
7157.13,50000,0.1431,1,1,0,1,4,15219.12,3804.78,3,6,1,0,1,replacement,0.206,0
7803.32,20000,0.3902,0,0,0,30,1,2089.24,2089.24,4,1,0,1,0,genuine_need,0.022,0
966.39,35000,0.0276,1,0,0,4,6,4669.83,778.3,1,5,1,0,1,upgrade,0.288,1
4880.28,10000,0.488,0,0,0,15,2,2803.88,1401.94,0,6,1,0,1,upgrade,0.041,1
1381.6,10000,0.1382,1,1,0,4,2,2630.79,1315.4,1,2,0,0,0,upgrade,0.48,1
5879.55,35000,0.168,1,1,0,15,3,4009.12,1336.37,3,1,0,0,1,genuine_need,0.229,0
20821.17,35000,0.5949,0,0,0,4,5,11142.93,2228.59,2,11,1,0,1,replacement,0.509,1
306.7,35000,0.0088,0,0,1,4,3,7623.87,2541.29,3,5,1,1,1,social_media,0.116,1
8168.05,35000,0.2334,0,0,1,15,3,2786.35,928.78,2,1,1,0,1,social_media,0.282,0
3610.86,100000,0.0361,1,1,1,4,1,3612.75,3612.75,2,24,0,0,1,replacement,0.15,0
12891.67,35000,0.3683,1,0,0,4,2,5339.82,2669.91,3,11,1,0,0,upgrade,0.19,1
2389.27,20000,0.1195,0,0,1,1,3,7771.14,2590.38,1,3,0,0,0,genuine_need,0.307,0
6779.5,50000,0.1356,1,1,1,4,1,3955.48,3955.48,1,25,0,0,1,looks_cool,0.655,1
425.49,20000,0.0213,1,1,0,4,1,2698.5,2698.5,3,4,1,1,1,boredom,0.169,1
1629.36,20000,0.0815,0,0,0,15,4,15005.43,3751.36,0,4,0,0,0,replacement,0.403,0
442.79,10000,0.0443,0,0,0,30,2,3003.8,1501.9,3,27,1,1,0,social_media,0.087,1
13159.45,10000,1.3159,1,1,0,0,4,5361.81,1340.45,1,3,0,0,1,upgrade,0.587,1
6143.44,75000,0.0819,1,1,0,1,4,9231.26,2307.82,2,26,0,1,1,genuine_need,0.186,1
6899.87,50000,0.138,1,1,0,1,1,2280.13,2280.13,3,20,1,1,0,discount,0.216,1
9930.21,35000,0.2837,0,0,0,4,3,3878.08,1292.69,1,5,1,0,1,upgrade,0.349,1
511.31,20000,0.0256,0,0,0,4,3,8846.38,2948.79,0,1,0,0,0,social_media,0.237,1
1904.87,20000,0.0952,0,0,0,15,1,603.72,603.72,1,2,1,1,0,social_media,0.327,1
457.89,20000,0.0229,0,0,1,1,3,8751.62,2917.21,0,2,0,0,0,boredom,0.456,0
1028.54,20000,0.0514,0,0,0,4,2,4200.25,2100.12,3,27,1,0,1,upgrade,0.071,1
1111.9,35000,0.0318,1,1,1,30,5,14557.63,2911.53,2,7,1,0,1,upgrade,0.123,1
2416.18,35000,0.069,0,0,0,30,5,10848.91,2169.78,3,1,1,1,0,upgrade,0.077,1
1294.6,35000,0.037,1,1,0,30,6,23524.01,3920.67,4,10,1,0,0,replacement,0.509,0
572.57,20000,0.0286,0,0,0,15,3,5014.19,1671.4,2,3,1,0,1,discount,0.353,1
841.59,75000,0.0112,1,1,0,30,2,7878.01,3939.0,1,4,0,1,1,looks_cool,0.218,1
757.62,35000,0.0216,0,0,0,1,1,727.41,727.41,0,3,1,0,1,genuine_need,0.686,0
12851.68,35000,0.3672,0,0,0,1,2,5786.33,2893.16,1,18,1,1,1,boredom,0.55,1
5184.6,35000,0.1481,0,0,0,0,1,2089.77,2089.77,2,1,1,1,0,discount,0.476,1
12221.07,20000,0.6111,1,0,1,15,3,10132.45,3377.48,1,7,1,0,1,social_media,0.554,1
2227.74,20000,0.1114,1,0,0,30,4,13054.62,3263.66,1,2,1,1,0,boredom,0.326,1
1341.84,20000,0.0671,0,0,1,1,4,13202.94,3300.74,1,10,0,0,1,upgrade,0.404,0
5803.29,50000,0.1161,0,0,0,15,1,831.59,831.59,1,6,1,1,0,genuine_need,0.196,0
1582.16,10000,0.1582,1,1,1,15,1,3378.28,3378.28,0,1,1,0,0,social_media,0.211,1
1445.28,10000,0.1445,0,0,0,30,5,6245.7,1249.14,0,8,0,0,0,looks_cool,0.212,1
1126.19,10000,0.1126,0,0,1,15,3,1769.64,589.88,1,11,0,0,0,genuine_need,0.516,0
686.13,10000,0.0686,1,1,1,30,0,0.0,1500.0,0,4,1,1,0,genuine_need,0.118,0
1237.18,50000,0.0247,1,1,1,4,8,17419.98,2177.5,3,18,0,0,0,genuine_need,0.048,0
1736.5,35000,0.0496,0,0,0,4,2,6194.78,3097.39,0,6,1,1,0,replacement,0.23,1
4122.94,20000,0.2061,0,0,1,4,5,6326.07,1265.21,0,17,0,0,0,boredom,0.152,1
426.13,10000,0.0426,1,1,0,4,3,2686.58,895.53,0,11,0,1,1,genuine_need,0.395,1
1027.27,20000,0.0514,0,0,1,0,2,5521.77,2760.88,2,25,0,0,0,social_media,0.405,0
5994.62,20000,0.2997,0,0,0,15,7,27605.5,3943.64,2,10,0,0,1,looks_cool,0.401,1
756.16,20000,0.0378,1,1,0,15,0,0.0,1500.0,3,3,1,0,0,social_media,0.116,1
1668.36,20000,0.0834,1,1,0,15,3,8756.1,2918.7,2,21,1,0,0,genuine_need,0.081,0
7199.85,20000,0.36,0,0,0,4,4,9856.34,2464.08,0,19,1,1,1,discount,0.442,1
789.16,35000,0.0225,1,1,1,4,4,12952.88,3238.22,3,44,0,0,0,boredom,0.083,0
502.26,35000,0.0144,1,1,1,4,4,15661.26,3915.32,1,2,0,1,0,genuine_need,0.031,0
2519.42,10000,0.2519,0,0,1,0,8,19235.62,2404.45,3,11,1,1,1,genuine_need,0.506,1
1460.48,20000,0.073,1,1,1,4,4,7835.07,1958.77,2,9,1,1,0,looks_cool,0.25,1
3100.65,35000,0.0886,0,0,1,1,2,7022.4,3511.2,4,14,0,0,0,discount,0.159,1
5900.26,35000,0.1686,0,0,0,1,1,3894.05,3894.05,0,48,1,0,1,discount,0.478,1
716.29,50000,0.0143,1,1,0,15,2,1904.27,952.14,1,10,1,0,0,boredom,0.312,1
3242.08,35000,0.0926,0,0,0,0,0,0.0,1500.0,3,14,1,0,1,social_media,0.03,1
2664.79,20000,0.1332,0,0,0,30,4,13094.44,3273.61,0,6,1,0,0,upgrade,0.361,1
744.52,10000,0.0745,0,0,0,4,3,7100.06,2366.69,3,5,1,1,0,upgrade,0.19,1
3623.57,35000,0.1035,0,0,0,30,1,1932.19,1932.19,0,5,1,1,0,genuine_need,0.177,0
1318.99,10000,0.1319,1,1,0,1,3,8379.91,2793.3,0,1,1,0,1,replacement,0.463,1
2541.87,35000,0.0726,1,0,0,4,6,8672.69,1445.45,2,5,0,1,0,upgrade,0.039,0
500.49,75000,0.0067,1,1,1,4,4,6887.87,1721.97,2,3,1,0,0,replacement,0.432,0
2353.96,35000,0.0673,0,0,0,30,1,3972.97,3972.97,0,8,0,0,0,looks_cool,0.161,0
1480.83,20000,0.074,0,0,0,4,1,2727.63,2727.63,2,8,0,0,0,genuine_need,0.08,0
6248.4,35000,0.1785,0,0,0,4,3,10665.74,3555.25,0,18,0,0,0,discount,0.289,1
405.33,20000,0.0203,0,0,0,30,3,9981.57,3327.19,1,9,0,1,0,social_media,0.108,0
2098.15,35000,0.0599,0,0,0,4,7,19480.68,2782.95,2,8,0,1,1,social_media,0.106,1
2346.5,75000,0.0313,1,1,0,0,5,17212.76,3442.55,2,4,0,0,1,discount,0.367,1
4718.52,20000,0.2359,1,1,0,4,7,10535.38,1505.05,4,23,1,1,0,upgrade,0.14,1
3188.97,75000,0.0425,1,1,0,15,3,8189.72,2729.91,2,2,0,0,0,looks_cool,0.195,1
4050.88,75000,0.054,0,0,0,4,2,5134.22,2567.11,1,49,1,1,1,replacement,0.051,0
5452.82,20000,0.2726,1,1,0,4,4,10713.87,2678.47,0,8,1,0,1,social_media,0.37,1
7136.91,10000,0.7137,0,0,1,1,2,2180.42,1090.21,3,3,1,1,0,boredom,0.24,1
1518.44,10000,0.1518,0,0,0,4,6,8822.1,1470.35,1,6,1,0,0,genuine_need,0.452,0
2902.84,10000,0.2903,1,0,0,15,3,4509.91,1503.3,4,1,1,0,0,boredom,0.303,1
6616.4,10000,0.6616,1,0,0,4,1,2606.81,2606.81,3,3,0,0,0,social_media,0.299,1
16131.08,35000,0.4609,0,0,1,4,2,7807.83,3903.92,4,5,0,0,0,discount,0.152,0
7910.2,10000,0.791,0,0,0,1,6,23035.42,3839.24,2,10,1,0,1,upgrade,0.226,1
1825.29,20000,0.0913,0,0,1,1,4,5180.65,1295.16,1,2,1,0,0,looks_cool,0.15,0
959.92,50000,0.0192,1,1,1,1,3,4700.88,1566.96,0,14,0,1,0,genuine_need,0.308,0
2552.54,10000,0.2553,0,0,0,4,4,2504.87,626.22,1,23,0,0,1,upgrade,0.214,1
4936.92,50000,0.0987,1,0,0,4,3,5687.56,1895.85,1,11,0,1,0,social_media,0.161,0
2574.38,20000,0.1287,0,0,0,30,4,13685.44,3421.36,3,5,1,0,0,social_media,0.285,1
2510.22,10000,0.251,0,0,0,1,2,7410.26,3705.13,2,2,0,1,1,replacement,0.562,1
6575.54,35000,0.1879,0,0,0,4,7,9294.16,1327.74,1,1,0,1,0,genuine_need,0.139,0
1769.69,35000,0.0506,0,0,0,4,3,4290.84,1430.28,1,16,1,0,1,social_media,0.166,1
7076.27,50000,0.1415,0,0,0,4,4,5091.9,1272.97,0,12,1,1,0,upgrade,0.2,1
2027.81,35000,0.0579,1,0,0,30,6,10352.17,1725.36,4,8,1,1,0,genuine_need,0.508,0
1592.45,50000,0.0318,1,1,1,1,4,13266.63,3316.66,3,2,1,0,1,genuine_need,0.106,0
2317.91,20000,0.1159,1,1,0,0,2,5528.0,2764.0,1,3,0,1,0,discount,0.065,1
5230.78,20000,0.2615,1,1,1,15,6,19504.76,3250.79,4,21,1,0,1,discount,0.643,1
671.37,50000,0.0134,1,1,1,4,2,5081.22,2540.61,0,8,0,0,0,looks_cool,0.651,0
965.37,50000,0.0193,1,0,1,0,3,4206.2,1402.07,2,40,0,0,0,genuine_need,0.398,0
10787.69,100000,0.1079,1,1,1,4,2,2595.96,1297.98,0,90,1,0,1,looks_cool,0.529,1
875.39,20000,0.0438,0,0,0,4,4,2126.01,531.5,2,20,0,0,1,looks_cool,0.344,1
3135.45,20000,0.1568,0,0,0,15,6,19400.62,3233.44,0,4,1,1,1,upgrade,0.356,1
3230.54,50000,0.0646,0,0,0,1,2,6929.85,3464.92,1,4,1,1,0,genuine_need,0.335,0
2554.13,20000,0.1277,0,0,0,4,2,6377.98,3188.99,2,4,0,1,1,boredom,0.329,1
3822.22,75000,0.051,0,0,1,4,6,4562.44,760.41,3,52,1,0,0,genuine_need,0.586,0
1113.99,50000,0.0223,1,0,1,4,2,6335.55,3167.78,1,5,1,1,1,discount,0.401,1
3015.54,20000,0.1508,0,0,0,30,1,660.19,660.19,3,15,0,0,0,upgrade,0.433,0
1829.22,50000,0.0366,0,0,0,0,6,5217.45,869.58,3,39,0,1,0,looks_cool,0.095,1
3993.04,50000,0.0799,0,0,0,30,4,8166.66,2041.66,3,21,0,0,0,upgrade,0.272,0
732.86,10000,0.0733,0,0,0,4,4,8666.06,2166.52,3,11,0,1,0,upgrade,0.191,1
3161.04,75000,0.0421,0,0,0,15,2,6712.83,3356.42,0,3,1,1,1,looks_cool,0.545,1
917.15,35000,0.0262,0,0,0,4,1,2878.34,2878.34,0,3,0,1,0,boredom,0.277,1
1343.17,50000,0.0269,0,0,1,4,4,4146.48,1036.62,2,9,0,1,1,discount,0.251,0
1063.83,20000,0.0532,0,0,0,30,5,6457.57,1291.51,2,37,1,1,0,upgrade,0.33,1
906.71,50000,0.0181,1,0,1,30,5,7499.32,1499.86,3,29,0,1,0,looks_cool,0.384,0
6314.64,20000,0.3157,1,1,1,1,2,1865.71,932.86,0,3,1,1,0,looks_cool,0.183,1
1377.62,10000,0.1378,0,0,1,1,2,3013.51,1506.76,1,5,1,1,1,replacement,0.335,0
9366.48,75000,0.1249,0,0,0,4,3,9150.28,3050.09,1,11,1,0,1,discount,0.213,1
12464.39,10000,1.2464,0,0,1,30,7,9414.34,1344.91,0,8,0,1,0,genuine_need,0.597,1
3164.17,20000,0.1582,1,0,1,4,3,10271.28,3423.76,0,2,0,0,0,discount,0.172,0
740.12,75000,0.0099,0,0,0,15,5,10716.55,2143.31,3,6,0,1,0,looks_cool,0.165,1
1842.48,75000,0.0246,0,0,0,15,4,6521.1,1630.28,2,38,0,0,1,genuine_need,0.319,0
5793.57,35000,0.1655,1,1,1,15,2,3886.93,1943.46,1,37,1,1,1,replacement,0.229,0
1802.66,35000,0.0515,0,0,0,4,0,0.0,1500.0,0,10,1,0,0,upgrade,0.298,0
518.63,20000,0.0259,0,0,0,4,4,9235.1,2308.78,2,13,0,0,0,looks_cool,0.41,0
3047.95,20000,0.1524,0,0,0,30,0,0.0,1500.0,2,4,0,1,1,social_media,0.658,1
6727.89,20000,0.3364,1,1,1,15,1,3728.13,3728.13,2,17,1,0,0,replacement,0.194,0
5762.46,35000,0.1646,1,1,1,15,1,730.99,730.99,2,1,0,0,1,replacement,0.06,0
873.82,50000,0.0175,1,1,0,4,6,22711.05,3785.18,1,3,1,1,0,discount,0.228,1
4109.76,50000,0.0822,0,0,0,15,2,1197.07,598.54,0,1,1,0,1,upgrade,0.339,1
1071.88,50000,0.0214,0,0,1,4,7,22388.99,3198.43,0,6,0,0,0,discount,0.381,0
1061.58,10000,0.1062,1,0,1,1,4,9485.45,2371.36,4,23,0,1,0,discount,0.051,0
7452.15,20000,0.3726,1,1,1,15,6,13620.25,2270.04,1,49,1,1,1,discount,0.29,1
1205.34,10000,0.1205,0,0,0,4,5,3773.62,754.72,1,14,1,0,0,discount,0.574,1
1269.26,35000,0.0363,1,1,0,15,1,1335.61,1335.61,3,17,1,0,0,looks_cool,0.11,1
202.29,20000,0.0101,0,0,0,4,4,12885.66,3221.42,3,4,0,0,0,looks_cool,0.7,0
7358.83,50000,0.1472,0,0,1,4,3,10858.23,3619.41,4,9,1,0,1,genuine_need,0.209,0
5705.78,20000,0.2853,1,1,0,4,5,11759.58,2351.92,2,16,0,0,1,discount,0.261,1
3654.71,10000,0.3655,0,0,0,4,1,1736.7,1736.7,0,9,0,0,0,upgrade,0.242,0
5055.75,10000,0.5056,1,1,0,4,3,2129.4,709.8,1,2,1,0,0,replacement,0.364,1
777.26,50000,0.0155,0,0,0,15,5,14438.12,2887.62,1,17,0,1,0,discount,0.531,1
2345.8,35000,0.067,0,0,1,30,3,4423.69,1474.56,1,3,1,0,1,upgrade,0.531,0
1714.31,10000,0.1714,1,0,0,4,0,0.0,1500.0,0,2,1,0,1,social_media,0.178,1
544.64,10000,0.0545,1,1,1,4,2,5660.96,2830.48,1,8,1,1,0,genuine_need,0.086,0
2530.25,35000,0.0723,0,0,1,15,2,4400.04,2200.02,0,1,0,0,1,replacement,0.082,0
9072.56,10000,0.9073,0,0,0,15,3,1625.6,541.87,2,12,1,1,1,genuine_need,0.222,1
343.09,50000,0.0069,1,1,1,15,4,3552.94,888.24,1,13,0,0,0,social_media,0.104,0
1405.93,35000,0.0402,0,0,1,15,4,11788.83,2947.21,1,4,1,0,0,looks_cool,0.402,1
1014.15,10000,0.1014,1,1,1,4,3,2168.55,722.85,3,41,1,0,1,discount,0.439,0
1152.0,10000,0.1152,1,0,0,4,0,0.0,1500.0,1,21,0,0,0,discount,0.423,0
8567.45,100000,0.0857,0,0,0,4,2,3179.28,1589.64,0,2,0,1,0,genuine_need,0.728,0
2409.35,20000,0.1205,0,0,0,1,2,1620.67,810.34,2,17,1,1,0,upgrade,0.325,1
2397.72,20000,0.1199,0,0,1,15,9,28432.36,3159.15,1,6,1,0,1,upgrade,0.588,0
5203.31,50000,0.1041,1,0,1,1,3,7006.49,2335.5,3,17,1,0,1,genuine_need,0.251,0
787.36,75000,0.0105,0,0,1,30,5,7866.2,1573.24,0,20,1,0,0,social_media,0.413,0
2537.99,100000,0.0254,0,0,0,30,3,5764.03,1921.34,0,2,0,1,1,replacement,0.32,0
2167.33,50000,0.0433,0,0,0,30,4,2299.77,574.94,4,14,1,0,1,social_media,0.27,1
3380.09,20000,0.169,1,0,0,30,2,5638.89,2819.44,1,24,0,0,0,upgrade,0.292,0
27232.35,10000,2.7232,0,0,0,4,0,0.0,1500.0,0,5,0,0,0,boredom,0.165,1
5335.49,50000,0.1067,0,0,1,30,1,2999.13,2999.13,1,2,1,0,0,replacement,0.487,0
1975.46,35000,0.0564,1,1,0,1,0,0.0,1500.0,2,1,1,0,1,genuine_need,0.393,1
6351.83,20000,0.3176,1,0,0,0,2,5558.78,2779.39,0,2,1,1,0,boredom,0.226,1
855.14,75000,0.0114,1,1,0,15,5,16375.62,3275.12,1,1,1,1,1,replacement,0.116,1
308.28,10000,0.0308,0,0,0,1,3,8127.16,2709.05,1,5,0,1,0,discount,0.045,1
1000.52,20000,0.05,0,0,0,30,3,5896.62,1965.54,1,5,1,0,0,upgrade,0.063,0
1656.49,10000,0.1656,1,1,0,15,2,3729.49,1864.74,2,2,0,0,0,discount,0.216,1
2700.88,20000,0.135,0,0,0,15,1,918.54,918.54,3,13,1,0,0,discount,0.045,0
3541.97,10000,0.3542,1,1,0,1,3,9684.16,3228.05,2,58,1,0,0,social_media,0.13,1
8651.44,10000,0.8651,1,1,0,15,2,6327.76,3163.88,0,28,1,0,0,genuine_need,0.357,1
2695.68,10000,0.2696,0,0,1,0,2,2724.09,1362.04,0,4,0,0,1,looks_cool,0.273,0
2634.96,35000,0.0753,1,1,0,30,3,10558.16,3519.39,1,18,1,0,1,upgrade,0.064,1
380.42,35000,0.0109,1,1,1,1,1,2561.51,2561.51,1,34,0,0,0,upgrade,0.164,0
324.37,35000,0.0093,0,0,1,15,0,0.0,1500.0,3,29,1,0,1,upgrade,0.43,0
3003.81,75000,0.0401,0,0,0,1,3,1683.71,561.24,0,26,1,0,1,boredom,0.07,1
2218.0,20000,0.1109,0,0,1,1,3,5518.78,1839.59,1,19,1,0,0,social_media,0.67,1
6596.15,20000,0.3298,0,0,0,4,5,13711.74,2742.35,1,5,1,0,1,replacement,0.139,1
813.07,50000,0.0163,0,0,1,1,2,1628.23,814.12,0,2,0,0,1,social_media,0.184,0
288.51,20000,0.0144,1,1,1,15,3,6325.46,2108.49,1,9,1,0,0,upgrade,0.2,0
2286.32,75000,0.0305,1,0,1,1,3,11931.08,3977.03,3,1,1,0,0,looks_cool,0.218,0
1148.94,10000,0.1149,0,0,0,4,2,6015.77,3007.88,0,78,0,0,0,genuine_need,0.414,0
378.11,75000,0.005,0,0,0,4,6,14484.29,2414.05,1,6,1,1,1,upgrade,0.215,1
4713.34,10000,0.4713,1,1,0,4,5,11828.08,2365.62,2,39,1,0,0,upgrade,0.544,1
614.14,50000,0.0123,0,0,1,4,3,1959.53,653.18,3,18,0,0,0,social_media,0.538,0
3480.58,35000,0.0994,1,0,1,30,1,3850.6,3850.6,3,7,1,1,1,genuine_need,0.354,0
1354.87,100000,0.0135,0,0,0,1,3,11245.87,3748.62,0,2,0,0,0,replacement,0.421,0
866.93,10000,0.0867,0,0,0,1,4,11553.67,2888.42,0,4,1,0,0,social_media,0.236,1
1871.72,35000,0.0535,0,0,1,4,2,1693.08,846.54,0,14,1,0,0,genuine_need,0.24,0
5858.43,75000,0.0781,1,1,0,4,2,2454.84,1227.42,0,22,0,1,1,replacement,0.359,1
1942.07,35000,0.0555,0,0,1,4,3,3431.05,1143.68,0,47,0,1,0,social_media,0.351,0
5062.82,35000,0.1447,1,1,1,4,2,4637.05,2318.52,1,2,1,1,0,looks_cool,0.299,1
669.31,35000,0.0191,0,0,0,15,1,1227.31,1227.31,3,3,0,1,0,social_media,0.445,1
5386.3,20000,0.2693,0,0,1,0,1,2935.3,2935.3,1,1,1,0,0,upgrade,0.526,0
1146.43,35000,0.0328,0,0,0,4,3,7224.91,2408.3,2,4,1,1,1,genuine_need,0.145,0
4159.62,35000,0.1188,1,1,0,4,3,1685.41,561.8,3,21,0,0,1,looks_cool,0.308,1
3119.73,75000,0.0416,1,1,1,15,3,9312.6,3104.2,2,3,1,0,1,genuine_need,0.156,0
9464.91,10000,0.9465,0,0,1,30,0,0.0,1500.0,1,10,1,0,0,upgrade,0.136,0
1914.71,20000,0.0957,0,0,0,4,4,13548.39,3387.1,0,8,1,0,0,genuine_need,0.328,0
439.6,75000,0.0059,0,0,0,30,3,5227.98,1742.66,0,5,1,0,0,social_media,0.468,0
267.69,50000,0.0054,0,0,0,4,5,8425.84,1685.17,1,12,1,0,0,upgrade,0.105,0
6337.76,20000,0.3169,0,0,0,0,8,4330.89,541.36,1,9,1,1,1,looks_cool,0.435,1
2803.59,35000,0.0801,1,1,0,1,3,11871.15,3957.05,2,5,0,0,0,genuine_need,0.115,0
5424.59,20000,0.2712,1,1,0,4,2,5284.03,2642.02,2,15,1,1,0,social_media,0.469,1
1134.95,20000,0.0567,0,0,0,4,5,9897.78,1979.56,1,4,1,0,0,upgrade,0.377,1
1681.37,20000,0.0841,0,0,0,1,3,2514.52,838.17,1,13,0,1,0,upgrade,0.146,1
306.98,20000,0.0153,1,1,0,4,0,0.0,1500.0,3,38,0,0,1,discount,0.326,0
11599.14,35000,0.3314,1,1,1,4,4,5958.23,1489.56,2,16,1,1,0,social_media,0.224,1
4057.78,10000,0.4058,0,0,1,1,1,3958.98,3958.98,0,7,0,0,1,upgrade,0.091,0
9671.45,100000,0.0967,0,0,0,4,1,3826.92,3826.92,3,17,0,0,1,replacement,0.705,0
1279.96,100000,0.0128,0,0,0,30,2,6147.08,3073.54,1,20,1,1,0,looks_cool,0.513,1
3508.79,35000,0.1003,0,0,0,4,1,3898.75,3898.75,2,5,0,1,1,replacement,0.192,0
4171.65,35000,0.1192,0,0,0,15,3,2609.16,869.72,1,15,0,0,0,boredom,0.229,1
1537.23,20000,0.0769,0,0,0,15,5,7398.52,1479.7,1,7,1,0,0,social_media,0.18,1
6796.08,50000,0.1359,1,1,1,4,4,5545.41,1386.35,2,21,1,0,1,discount,0.204,1
10491.8,35000,0.2998,0,0,1,1,3,2256.13,752.04,1,5,0,0,0,genuine_need,0.323,0
7765.47,20000,0.3883,0,0,1,4,3,11708.38,3902.79,1,34,1,1,0,upgrade,0.823,1
4902.22,75000,0.0654,0,0,0,4,4,2839.64,709.91,2,11,0,0,1,upgrade,0.256,0
1337.46,50000,0.0267,1,1,1,4,3,10495.23,3498.41,1,6,1,1,1,upgrade,0.161,1
1357.63,75000,0.0181,1,1,1,1,3,9565.69,3188.56,1,7,0,1,0,genuine_need,0.343,0
11773.18,35000,0.3364,0,0,0,1,2,3631.07,1815.54,2,6,0,0,1,upgrade,0.113,1
236.18,35000,0.0067,0,0,0,30,3,1697.48,565.83,2,2,0,0,1,genuine_need,0.414,0
4606.35,20000,0.2303,1,1,0,4,4,2085.34,521.34,0,1,1,0,0,replacement,0.139,1
4487.55,75000,0.0598,0,0,0,15,2,2427.96,1213.98,1,5,0,1,1,genuine_need,0.197,1
3611.4,50000,0.0722,0,0,1,4,8,17828.54,2228.57,2,8,1,0,1,social_media,0.178,1
16356.4,10000,1.6356,0,0,0,30,2,4205.37,2102.68,1,6,0,0,1,discount,0.451,1
1508.27,10000,0.1508,0,0,0,4,1,2548.52,2548.52,0,1,1,0,0,boredom,0.214,1
1654.15,20000,0.0827,0,0,0,4,8,25614.86,3201.86,2,11,0,0,0,upgrade,0.02,1
487.8,50000,0.0098,1,1,0,30,2,3641.48,1820.74,0,2,1,0,1,social_media,0.181,1
2246.9,100000,0.0225,1,1,1,15,3,3183.82,1061.27,0,3,0,0,0,discount,0.223,0
1258.83,20000,0.0629,0,0,0,1,1,3300.17,3300.17,1,2,0,0,1,discount,0.445,1
1672.31,35000,0.0478,1,1,1,1,3,4993.25,1664.42,3,9,0,1,0,discount,0.111,0
6497.26,20000,0.3249,0,0,0,15,6,9024.52,1504.09,0,2,1,0,1,social_media,0.353,1
9792.97,75000,0.1306,0,0,0,30,3,9525.28,3175.09,0,4,1,1,0,genuine_need,0.264,0
919.13,50000,0.0184,1,1,0,4,2,7538.98,3769.49,2,8,1,0,1,genuine_need,0.242,1
1831.09,50000,0.0366,1,1,1,4,2,7404.73,3702.36,0,3,1,1,0,genuine_need,0.268,0
9439.6,20000,0.472,0,0,0,15,2,1962.1,981.05,3,8,1,0,0,replacement,0.251,1
423.3,20000,0.0212,0,0,0,4,4,9044.21,2261.05,2,6,1,0,1,discount,0.095,1
539.18,20000,0.027,1,0,0,15,3,2475.14,825.05,1,24,0,1,0,discount,0.333,1
821.89,10000,0.0822,1,1,0,1,1,3863.42,3863.42,1,20,1,1,0,social_media,0.159,1
3365.38,50000,0.0673,1,1,1,30,5,6266.49,1253.3,2,60,0,0,1,replacement,0.448,0
770.76,50000,0.0154,0,0,0,15,2,2382.01,1191.01,1,10,1,0,1,discount,0.209,0
12255.43,100000,0.1226,0,0,0,15,3,10833.3,3611.1,0,11,0,1,1,genuine_need,0.239,0
2271.58,100000,0.0227,0,0,0,4,3,11662.43,3887.48,1,36,1,0,0,genuine_need,0.241,0
2636.66,35000,0.0753,0,0,1,1,5,14708.56,2941.71,0,7,0,1,1,discount,0.264,1
1191.33,50000,0.0238,1,1,0,4,4,3694.07,923.52,1,10,1,1,0,social_media,0.061,1
2428.42,75000,0.0324,0,0,1,15,6,13202.97,2200.5,4,6,1,0,0,discount,0.546,0
3995.59,50000,0.0799,0,0,1,15,4,13432.47,3358.12,2,10,1,1,1,replacement,0.246,1
5068.55,20000,0.2534,1,1,0,4,1,2503.67,2503.67,1,2,1,0,0,boredom,0.13,1
5106.61,20000,0.2553,0,0,0,15,4,3856.33,964.08,1,19,1,1,1,looks_cool,0.532,1
3218.72,10000,0.3219,0,0,0,30,2,2203.21,1101.6,2,51,0,0,1,upgrade,0.672,1
8415.07,75000,0.1122,1,1,1,0,2,7048.99,3524.5,3,1,1,0,1,boredom,0.609,1
6151.75,35000,0.1758,1,1,0,4,5,11723.01,2344.6,1,20,0,1,1,replacement,0.125,1
5152.12,20000,0.2576,1,0,0,15,2,5940.86,2970.43,1,4,0,0,0,upgrade,0.088,0
400.24,35000,0.0114,0,0,1,4,2,3611.44,1805.72,1,3,0,1,0,boredom,0.161,0
224.16,35000,0.0064,1,1,0,15,1,2363.7,2363.7,1,15,1,0,0,upgrade,0.304,1
1035.89,20000,0.0518,1,0,0,4,4,15679.44,3919.86,2,1,1,0,0,upgrade,0.466,1
4012.3,10000,0.4012,0,0,0,30,2,3307.92,1653.96,0,8,1,0,1,genuine_need,0.172,1
2053.83,35000,0.0587,0,0,0,1,4,11447.04,2861.76,3,1,1,1,0,replacement,0.179,1
2001.95,35000,0.0572,1,0,0,4,0,0.0,1500.0,0,10,1,0,1,genuine_need,0.057,0
7757.33,50000,0.1551,0,0,0,1,3,2778.27,926.09,2,8,1,1,1,discount,0.158,1
8107.09,35000,0.2316,1,0,1,1,6,19456.44,3242.74,1,30,1,0,1,replacement,0.508,0
8595.88,50000,0.1719,0,0,0,4,3,10363.14,3454.38,2,16,0,0,1,genuine_need,0.284,0
1518.45,35000,0.0434,0,0,1,1,1,2839.09,2839.09,0,2,1,1,0,upgrade,0.221,1
4311.08,35000,0.1232,0,0,1,30,4,4214.74,1053.68,2,6,1,0,1,discount,0.472,0
1309.33,50000,0.0262,1,0,0,30,0,0.0,1500.0,4,33,1,0,1,social_media,0.093,0
940.16,20000,0.047,0,0,1,4,2,7378.23,3689.12,2,16,0,1,1,looks_cool,0.187,1
914.41,10000,0.0914,0,0,0,15,4,6041.86,1510.46,2,11,0,0,1,upgrade,0.102,0
1665.5,10000,0.1665,1,1,1,4,1,3366.01,3366.01,1,10,0,1,0,upgrade,0.57,1
2167.16,50000,0.0433,1,0,1,30,3,4502.34,1500.78,2,7,0,1,0,discount,0.157,0
6421.45,35000,0.1835,1,0,0,15,5,18940.59,3788.12,3,11,0,0,1,genuine_need,0.153,0
646.98,35000,0.0185,0,0,0,0,2,7401.17,3700.58,2,18,1,1,1,discount,0.262,1
4847.11,20000,0.2424,0,0,0,15,1,651.42,651.42,5,2,1,1,0,upgrade,0.031,1
2853.43,10000,0.2853,1,1,0,15,5,15982.24,3196.45,0,42,0,1,0,upgrade,0.434,1
1388.6,10000,0.1389,1,1,0,4,1,1093.12,1093.12,0,4,0,0,0,replacement,0.292,0
2576.11,20000,0.1288,0,0,0,30,2,2506.9,1253.45,0,8,0,1,1,genuine_need,0.601,0
1448.07,35000,0.0414,0,0,1,30,2,4218.92,2109.46,0,1,0,1,1,upgrade,0.112,0
3372.9,20000,0.1686,1,1,0,4,2,5034.23,2517.11,1,10,1,0,0,replacement,0.399,1
2191.1,20000,0.1096,0,0,1,15,2,3280.6,1640.3,4,6,0,0,1,boredom,0.146,1
828.64,75000,0.011,1,1,1,30,1,2513.84,2513.84,1,4,1,0,0,boredom,0.444,1
633.85,20000,0.0317,0,0,0,4,2,2194.61,1097.3,2,51,1,1,0,discount,0.226,0
2969.17,35000,0.0848,0,0,1,4,3,1734.55,578.18,1,7,1,1,0,looks_cool,0.189,0
8344.54,50000,0.1669,1,1,0,1,3,7497.86,2499.29,2,7,0,0,0,social_media,0.116,1
1675.35,20000,0.0838,0,0,0,30,0,0.0,1500.0,1,8,1,1,0,replacement,0.357,0
4821.77,35000,0.1378,0,0,1,15,5,14568.94,2913.79,2,2,1,0,0,discount,0.182,0
3962.08,50000,0.0792,0,0,0,1,7,19420.64,2774.38,0,6,0,0,1,replacement,0.182,1
9586.03,75000,0.1278,0,0,0,30,3,10923.61,3641.2,1,5,1,0,0,discount,0.246,1
6220.92,10000,0.6221,1,0,1,15,1,2108.14,2108.14,2,8,1,0,0,genuine_need,0.041,0
3126.37,75000,0.0417,1,1,1,30,3,1587.88,529.29,0,24,0,0,1,looks_cool,0.43,0
3945.4,20000,0.1973,1,1,1,0,1,2707.28,2707.28,2,3,0,1,1,discount,0.089,1
8203.02,20000,0.4102,0,0,1,4,3,8588.89,2862.96,1,12,1,0,1,genuine_need,0.252,0
1985.08,20000,0.0993,0,0,0,15,3,6975.7,2325.23,2,1,0,0,0,looks_cool,0.205,1
1584.97,100000,0.0158,0,0,0,4,1,2912.57,2912.57,0,5,1,1,1,looks_cool,0.18,1
238.04,20000,0.0119,1,1,1,15,5,8162.72,1632.54,2,8,1,1,0,looks_cool,0.153,0
6331.55,20000,0.3166,1,1,0,30,4,4083.32,1020.83,1,1,1,1,0,social_media,0.315,1
5850.24,35000,0.1671,1,1,0,4,0,0.0,1500.0,2,10,1,0,0,discount,0.481,1
586.13,20000,0.0293,0,0,0,30,3,4074.46,1358.15,1,5,0,1,0,upgrade,0.529,1
3210.16,10000,0.321,0,0,1,1,1,2097.11,2097.11,0,60,1,0,0,genuine_need,0.127,0
2382.55,10000,0.2383,0,0,0,4,11,24427.48,2220.68,1,12,1,0,1,replacement,0.314,1
642.29,10000,0.0642,0,0,1,0,0,0.0,1500.0,0,4,1,1,0,replacement,0.108,0
13992.96,20000,0.6996,0,0,0,4,4,10378.29,2594.57,1,2,0,0,1,upgrade,0.11,1
1045.89,10000,0.1046,1,1,0,4,3,1809.26,603.09,1,1,1,1,1,discount,0.271,1
443.6,35000,0.0127,0,0,0,30,3,11891.67,3963.89,1,2,0,1,0,replacement,0.133,0
3362.22,20000,0.1681,0,0,0,15,0,0.0,1500.0,1,14,0,0,1,genuine_need,0.13,0
4899.53,20000,0.245,0,0,1,4,1,1988.86,1988.86,0,24,0,1,0,social_media,0.114,0
315.43,50000,0.0063,1,1,0,15,4,4678.62,1169.66,2,3,0,0,0,genuine_need,0.281,0
3962.66,20000,0.1981,1,0,0,1,7,5464.34,780.62,1,7,1,0,1,genuine_need,0.341,1
2859.69,35000,0.0817,1,1,0,1,1,2852.67,2852.67,1,6,1,1,0,upgrade,0.645,1
581.48,20000,0.0291,1,0,0,15,0,0.0,1500.0,3,13,0,1,0,genuine_need,0.081,0
862.81,20000,0.0431,0,0,0,15,2,2606.35,1303.18,2,3,1,0,0,boredom,0.239,1
3137.45,10000,0.3137,1,1,0,15,4,7319.36,1829.84,1,37,1,1,1,discount,0.16,1
1430.2,20000,0.0715,0,0,1,4,2,5150.46,2575.23,0,16,1,0,0,upgrade,0.162,0
9950.04,20000,0.4975,0,0,1,15,3,8552.9,2850.97,2,38,0,0,1,genuine_need,0.556,0
6177.38,20000,0.3089,1,1,0,15,3,8274.29,2758.1,2,4,1,1,0,upgrade,0.43,1
14579.67,10000,1.458,1,1,0,30,1,3521.43,3521.43,2,11,1,0,1,discount,0.344,1
1252.31,10000,0.1252,0,0,0,1,3,3796.95,1265.65,1,16,0,1,1,boredom,0.133,1
12440.86,20000,0.622,0,0,0,4,2,5457.22,2728.61,3,15,1,1,1,upgrade,0.74,1
2175.0,20000,0.1087,0,0,1,15,4,3415.6,853.9,1,1,0,1,1,discount,0.498,1
1694.41,20000,0.0847,0,0,1,30,4,9671.09,2417.77,2,77,1,0,0,genuine_need,0.06,0
380.81,35000,0.0109,0,0,0,1,2,5087.71,2543.86,0,32,1,1,1,discount,0.55,1
389.73,35000,0.0111,0,0,1,4,1,1256.83,1256.83,3,2,1,1,1,replacement,0.341,0
4321.92,10000,0.4322,0,0,0,4,3,5612.78,1870.93,1,10,1,0,0,genuine_need,0.467,1
2343.25,50000,0.0469,1,1,0,4,2,6790.35,3395.18,2,5,0,1,0,upgrade,0.61,1
1099.0,35000,0.0314,0,0,0,1,5,5097.16,1019.43,0,26,0,0,0,replacement,0.349,0
3531.44,10000,0.3531,0,0,0,0,3,6062.32,2020.77,1,15,1,0,1,social_media,0.464,1
1220.25,50000,0.0244,0,0,1,4,3,11293.7,3764.57,0,4,0,0,0,boredom,0.238,0
3216.57,75000,0.0429,1,0,0,4,7,15850.67,2264.38,1,1,1,1,1,upgrade,0.489,1
1757.68,10000,0.1758,0,0,0,1,4,12151.87,3037.97,0,5,1,0,1,replacement,0.38,1
6271.56,20000,0.3136,0,0,1,4,2,6788.06,3394.03,0,1,0,0,0,genuine_need,0.351,0
6215.36,50000,0.1243,0,0,1,0,4,4852.84,1213.21,1,2,1,0,1,upgrade,0.332,0
2470.95,35000,0.0706,1,1,1,30,3,3791.28,1263.76,0,13,0,0,1,discount,0.175,0
1712.15,20000,0.0856,1,1,1,4,3,9465.21,3155.07,2,17,1,0,0,upgrade,0.139,0
1776.03,20000,0.0888,1,1,0,30,6,18819.44,3136.57,3,8,1,1,1,discount,0.105,1
5934.49,20000,0.2967,1,0,1,4,2,1421.28,710.64,4,11,0,0,1,discount,0.533,0
1592.17,20000,0.0796,1,1,1,30,0,0.0,1500.0,1,3,1,1,1,genuine_need,0.232,0
1020.86,35000,0.0292,1,1,1,4,3,5684.59,1894.86,2,5,1,0,0,discount,0.39,1
509.72,20000,0.0255,0,0,1,4,3,10204.92,3401.64,0,15,1,0,0,looks_cool,0.567,0
2400.3,20000,0.12,0,0,0,4,1,1976.52,1976.52,0,6,1,1,1,genuine_need,0.308,1
2503.12,35000,0.0715,1,0,1,15,3,11222.25,3740.75,2,6,0,0,1,discount,0.138,0
6633.97,10000,0.6634,0,0,0,4,0,0.0,1500.0,1,3,0,0,0,discount,0.424,1
1075.18,20000,0.0538,0,0,0,4,2,6465.08,3232.54,0,11,0,1,1,social_media,0.14,1
1878.73,35000,0.0537,1,1,0,1,4,11329.41,2832.35,1,20,1,0,0,upgrade,0.331,0
5983.31,50000,0.1197,0,0,1,15,6,11229.84,1871.64,2,8,1,0,0,social_media,0.121,1
6272.97,35000,0.1792,1,0,0,4,3,2203.91,734.64,1,2,0,0,1,discount,0.099,1
1899.25,35000,0.0543,1,1,0,1,3,7517.96,2505.99,0,22,1,0,0,upgrade,0.52,1
2350.98,10000,0.2351,0,0,0,4,0,0.0,1500.0,0,1,1,0,0,social_media,0.339,1
1464.83,20000,0.0732,1,1,1,4,7,12097.0,1728.14,2,8,0,1,1,boredom,0.183,1
9637.54,35000,0.2754,0,0,0,30,3,8720.95,2906.98,2,4,1,0,1,social_media,0.504,1
642.03,20000,0.0321,0,0,1,1,4,8490.95,2122.74,2,34,0,0,1,boredom,0.065,0
9700.09,20000,0.485,0,0,1,4,5,15661.64,3132.33,1,17,1,1,1,replacement,0.192,1
4230.57,20000,0.2115,1,1,0,30,2,3787.21,1893.6,3,11,0,0,0,genuine_need,0.17,0
2854.31,10000,0.2854,1,1,0,15,0,0.0,1500.0,1,14,1,0,0,discount,0.123,1
316.21,20000,0.0158,0,0,1,4,1,2114.72,2114.72,0,10,0,0,1,genuine_need,0.534,0
2459.23,20000,0.123,1,1,1,30,1,3828.54,3828.54,1,2,1,0,0,discount,0.384,0
2033.38,20000,0.1017,0,0,1,4,2,6610.67,3305.34,0,15,0,0,1,replacement,0.321,0
815.32,10000,0.0815,1,1,0,4,2,2440.24,1220.12,2,9,1,0,0,upgrade,0.168,1
3939.07,50000,0.0788,0,0,1,30,3,5608.66,1869.55,2,13,0,1,0,discount,0.149,0
12609.87,35000,0.3603,1,1,0,30,2,7494.54,3747.27,2,1,0,0,0,upgrade,0.336,1
3090.89,35000,0.0883,0,0,0,4,3,2798.84,932.95,1,2,1,1,0,replacement,0.412,1
4590.4,50000,0.0918,0,0,1,1,3,4166.48,1388.83,6,11,1,0,1,looks_cool,0.023,1
448.17,20000,0.0224,0,0,0,4,6,8506.68,1417.78,1,8,0,0,0,social_media,0.166,1
2092.49,10000,0.2092,1,1,1,0,4,9993.06,2498.26,1,4,1,0,0,discount,0.459,1
632.96,35000,0.0181,0,0,0,0,4,7750.27,1937.57,0,4,0,0,0,discount,0.251,0
3520.81,35000,0.1006,1,1,1,4,1,779.55,779.55,1,12,1,0,0,upgrade,0.418,1
9959.5,35000,0.2846,0,0,0,30,0,0.0,1500.0,0,1,0,1,0,upgrade,0.095,1
3994.18,20000,0.1997,0,0,0,30,4,3387.09,846.77,5,7,1,1,0,genuine_need,0.151,0
479.69,10000,0.048,0,0,1,4,2,5244.9,2622.45,0,9,0,0,1,social_media,0.241,0
1732.96,20000,0.0866,1,1,0,4,7,15921.71,2274.53,2,5,1,0,1,upgrade,0.017,1
2999.94,20000,0.15,0,0,0,0,3,6683.52,2227.84,1,21,1,0,1,discount,0.519,1
2006.65,35000,0.0573,1,0,1,1,1,736.24,736.24,1,1,1,1,1,replacement,0.472,0
6477.69,35000,0.1851,1,1,0,0,1,2737.27,2737.27,1,25,0,0,0,social_media,0.274,1
6099.68,20000,0.305,1,1,1,15,4,8038.48,2009.62,1,16,1,0,1,genuine_need,0.216,0
3512.1,100000,0.0351,0,0,0,1,3,5816.61,1938.87,2,8,1,0,1,discount,0.391,1
1836.39,35000,0.0525,1,1,0,30,4,10350.32,2587.58,3,31,0,0,0,social_media,0.383,1
1231.88,20000,0.0616,1,0,1,15,3,7865.6,2621.87,1,15,1,0,0,discount,0.801,0
591.68,10000,0.0592,0,0,1,1,2,1105.23,552.62,0,33,0,1,0,discount,0.179,0
1734.21,20000,0.0867,1,1,0,1,0,0.0,1500.0,1,8,0,0,0,upgrade,0.202,1
2065.59,20000,0.1033,0,0,0,15,1,1327.81,1327.81,2,8,0,0,0,discount,0.164,0
4142.63,20000,0.2071,0,0,1,30,3,8618.76,2872.92,1,10,1,1,1,genuine_need,0.345,1
3956.94,20000,0.1978,0,0,0,15,3,7555.78,2518.59,4,1,0,0,1,replacement,0.156,1
454.4,20000,0.0227,0,0,0,4,3,9455.11,3151.7,1,29,1,1,0,social_media,0.425,1
1960.34,20000,0.098,0,0,0,4,1,3092.13,3092.13,1,14,0,0,0,boredom,0.235,0
902.18,50000,0.018,0,0,0,4,6,20916.84,3486.14,1,12,1,0,0,discount,0.52,1
796.98,10000,0.0797,1,0,0,30,2,3637.7,1818.85,2,32,1,0,0,social_media,0.446,0
6346.74,35000,0.1813,0,0,0,15,2,3415.45,1707.72,2,61,1,0,1,discount,0.093,1
349.87,20000,0.0175,0,0,0,15,5,17042.77,3408.55,2,3,0,0,1,boredom,0.191,1
2101.62,100000,0.021,0,0,0,4,4,5326.42,1331.6,3,17,0,0,0,social_media,0.467,0
844.59,10000,0.0845,1,1,0,15,4,8456.41,2114.1,1,11,1,0,0,discount,0.317,1
7601.44,20000,0.3801,1,0,1,4,2,2360.28,1180.14,3,8,0,1,1,genuine_need,0.269,0
3049.97,75000,0.0407,1,1,0,0,8,29587.54,3698.44,0,46,1,0,0,upgrade,0.244,1
1121.06,50000,0.0224,1,1,1,4,5,9636.55,1927.31,1,23,0,1,0,replacement,0.192,0
2643.05,50000,0.0529,0,0,1,30,5,6218.52,1243.7,1,15,0,0,0,looks_cool,0.316,0
4801.99,20000,0.2401,1,1,0,15,7,20454.33,2922.05,0,6,0,1,0,upgrade,0.141,1
11305.15,20000,0.5653,0,0,1,1,2,2712.51,1356.26,3,14,1,0,1,discount,0.091,1
1071.62,35000,0.0306,0,0,0,30,2,7604.53,3802.26,2,10,1,0,1,boredom,0.141,1
7806.03,75000,0.1041,1,1,1,4,3,5359.98,1786.66,3,4,0,0,0,looks_cool,0.424,1
9729.52,35000,0.278,0,0,1,1,6,16957.45,2826.24,2,8,1,1,0,social_media,0.243,1
8886.85,35000,0.2539,1,1,0,4,2,3416.71,1708.36,3,3,1,1,1,genuine_need,0.203,1
3731.48,20000,0.1866,1,1,1,4,6,19952.16,3325.36,2,9,0,0,0,genuine_need,0.505,0
3678.19,50000,0.0736,0,0,0,4,6,21835.38,3639.23,2,16,0,1,0,genuine_need,0.439,1
2006.67,20000,0.1003,0,0,0,4,4,13030.86,3257.72,0,1,1,0,1,social_media,0.311,1
5085.76,20000,0.2543,0,0,1,15,5,17348.73,3469.75,0,18,1,0,1,upgrade,0.049,0
2852.23,20000,0.1426,1,1,0,4,4,3426.33,856.58,1,1,1,1,1,genuine_need,0.298,1
4160.11,35000,0.1189,1,1,0,15,2,7468.45,3734.22,0,9,0,0,1,social_media,0.451,1
2157.96,20000,0.1079,0,0,0,1,2,5370.11,2685.06,4,11,0,0,0,genuine_need,0.236,0
4802.12,10000,0.4802,0,0,1,15,6,21253.57,3542.26,0,18,0,0,1,discount,0.401,1
6289.84,35000,0.1797,1,0,0,15,5,14477.64,2895.53,0,18,0,1,0,social_media,0.237,1
754.17,20000,0.0377,1,0,1,15,2,2412.93,1206.46,2,7,0,0,0,discount,0.319,0
6462.69,35000,0.1846,0,0,0,4,2,5266.89,2633.44,1,1,1,0,0,boredom,0.102,1
2920.11,20000,0.146,0,0,0,15,4,3273.25,818.31,2,15,1,0,0,upgrade,0.569,1
6717.62,20000,0.3359,1,0,1,1,3,8805.09,2935.03,4,9,0,0,0,replacement,0.528,0
2175.42,35000,0.0622,0,0,0,30,3,5794.51,1931.5,2,5,1,0,0,replacement,0.313,0
1867.71,10000,0.1868,0,0,1,1,6,6186.4,1031.07,5,4,0,1,0,upgrade,0.553,1
8830.37,20000,0.4415,1,1,0,1,3,11781.91,3927.3,0,2,0,0,0,looks_cool,0.353,1
1212.35,10000,0.1212,1,0,0,4,4,14615.18,3653.8,2,5,1,0,0,boredom,0.35,1
6707.41,10000,0.6707,0,0,0,15,4,14509.61,3627.4,1,8,1,1,0,boredom,0.388,1
2515.91,100000,0.0252,0,0,1,1,4,13043.48,3260.87,2,8,1,1,0,discount,0.439,1
2726.1,20000,0.1363,0,0,0,30,4,11687.74,2921.94,2,11,0,0,0,discount,0.124,1
1490.96,50000,0.0298,0,0,1,30,5,13963.89,2792.78,2,6,0,0,0,discount,0.22,0
3178.75,20000,0.1589,1,0,0,15,0,0.0,1500.0,1,31,1,1,0,upgrade,0.271,1
1576.74,35000,0.045,0,0,0,4,3,10955.95,3651.98,1,9,0,0,1,genuine_need,0.312,0
340.21,50000,0.0068,1,0,0,15,1,3583.95,3583.95,0,7,0,0,0,genuine_need,0.125,0
1311.08,35000,0.0375,1,1,1,4,3,9352.45,3117.48,2,1,1,0,0,upgrade,0.16,1
222.4,20000,0.0111,0,0,1,4,10,37456.02,3745.6,0,11,1,0,1,genuine_need,0.458,0
13615.4,20000,0.6808,0,0,1,30,3,7307.38,2435.79,1,12,1,0,0,looks_cool,0.209,1
12008.96,20000,0.6004,0,0,0,30,3,6200.24,2066.75,2,11,1,1,1,social_media,0.24,1
1959.74,75000,0.0261,1,1,0,30,2,7775.63,3887.82,2,27,1,1,1,discount,0.451,1
4761.61,50000,0.0952,1,1,0,4,2,4248.92,2124.46,2,18,1,0,0,genuine_need,0.576,1
1685.23,75000,0.0225,0,0,1,1,1,2744.64,2744.64,1,25,0,1,1,discount,0.057,1
4091.93,10000,0.4092,1,1,0,4,4,7222.87,1805.72,1,1,1,0,1,discount,0.185,1
5929.37,35000,0.1694,1,1,0,4,4,10908.57,2727.14,3,5,1,1,0,upgrade,0.253,1
10465.06,75000,0.1395,1,1,0,4,5,15101.73,3020.35,2,5,1,0,1,discount,0.416,1
1989.13,20000,0.0995,0,0,0,4,6,16117.77,2686.3,2,13,0,1,1,looks_cool,0.164,1
5552.31,10000,0.5552,0,0,0,15,2,4601.94,2300.97,1,8,0,0,0,social_media,0.095,1
1282.02,35000,0.0366,1,1,1,15,2,3100.78,1550.39,1,19,0,0,0,upgrade,0.002,0
16436.38,35000,0.4696,0,0,0,15,2,5506.92,2753.46,0,6,0,0,0,replacement,0.323,0
291.38,50000,0.0058,0,0,1,30,2,7359.0,3679.5,2,4,0,0,0,upgrade,0.363,0
3438.03,10000,0.3438,0,0,1,0,1,524.19,524.19,4,5,1,0,0,boredom,0.097,1
3970.75,50000,0.0794,0,0,0,0,2,1937.5,968.75,5,3,0,0,0,social_media,0.272,1
4277.14,20000,0.2139,0,0,0,15,4,3676.82,919.2,1,3,1,0,0,genuine_need,0.192,0
648.96,20000,0.0324,1,0,0,4,4,14924.87,3731.22,0,3,0,0,1,social_media,0.386,1
9962.21,20000,0.4981,0,0,1,4,3,8458.85,2819.62,1,1,1,0,1,genuine_need,0.516,1
899.63,50000,0.018,0,0,0,1,2,7662.52,3831.26,0,16,0,0,0,discount,0.243,0
3612.0,35000,0.1032,1,1,0,4,2,5079.69,2539.84,6,7,1,0,0,social_media,0.401,1
1081.64,35000,0.0309,0,0,0,15,2,4232.13,2116.06,1,1,1,0,0,discount,0.504,1
1484.63,20000,0.0742,0,0,0,30,1,3273.2,3273.2,3,6,0,0,1,upgrade,0.49,0
2967.34,50000,0.0593,1,0,0,30,2,2126.6,1063.3,2,29,0,0,0,replacement,0.337,0
2089.65,20000,0.1045,1,1,0,4,3,5504.05,1834.68,0,9,1,0,0,replacement,0.339,0
811.18,50000,0.0162,1,1,1,4,2,4263.92,2131.96,0,52,1,1,1,looks_cool,0.493,1
856.1,20000,0.0428,1,1,1,30,3,4633.81,1544.6,0,10,1,1,0,looks_cool,0.173,0
2095.37,20000,0.1048,0,0,0,4,5,8997.5,1799.5,1,40,1,0,0,looks_cool,0.095,1
5155.51,20000,0.2578,1,1,0,4,5,3866.84,773.37,2,3,1,0,1,replacement,0.216,1
8188.53,20000,0.4094,0,0,1,30,1,1192.94,1192.94,1,5,1,0,0,social_media,0.393,1
507.57,35000,0.0145,1,1,0,15,3,5022.72,1674.24,2,15,0,0,1,genuine_need,0.533,0
1947.89,35000,0.0557,0,0,1,30,6,19713.7,3285.62,1,52,0,1,1,replacement,0.157,0
569.72,20000,0.0285,1,0,0,1,3,3416.22,1138.74,3,21,1,0,0,upgrade,0.406,0
258.56,50000,0.0052,1,1,1,4,3,5139.72,1713.24,0,10,1,1,1,upgrade,0.428,1
3993.57,20000,0.1997,1,1,0,30,1,727.22,727.22,0,2,1,1,0,genuine_need,0.228,1
3428.52,35000,0.098,0,0,0,1,2,4899.73,2449.86,0,6,1,0,1,genuine_need,0.072,0
822.84,75000,0.011,0,0,1,15,0,0.0,1500.0,0,2,0,0,0,discount,0.172,0
1132.15,35000,0.0323,1,1,0,1,2,7058.62,3529.31,0,5,1,0,1,replacement,0.086,0
283.98,10000,0.0284,1,1,0,30,4,13467.62,3366.9,1,4,0,0,1,genuine_need,0.173,0
6505.21,75000,0.0867,0,0,0,15,5,7494.11,1498.82,2,6,1,0,1,upgrade,0.098,1
13068.03,35000,0.3734,1,1,1,1,6,5876.03,979.34,1,22,1,1,1,replacement,0.272,1
709.45,20000,0.0355,1,0,0,4,6,6277.75,1046.29,3,2,0,1,0,discount,0.245,1
1121.49,10000,0.1121,0,0,1,15,6,23348.24,3891.37,2,5,1,1,0,boredom,0.538,1
7298.21,50000,0.146,1,1,0,15,3,8568.87,2856.29,0,4,1,1,0,replacement,0.316,1
9334.92,35000,0.2667,0,0,0,4,3,1946.99,649.0,3,5,1,0,0,boredom,0.174,1
2104.3,35000,0.0601,0,0,1,30,5,4893.64,978.73,1,6,1,0,1,genuine_need,0.266,0
381.82,50000,0.0076,0,0,0,4,2,4400.6,2200.3,2,4,1,0,1,genuine_need,0.21,0
340.66,50000,0.0068,1,1,0,4,4,4909.6,1227.4,0,35,0,0,0,social_media,0.117,1
3186.19,20000,0.1593,1,0,0,1,4,13251.23,3312.81,1,7,0,0,0,social_media,0.339,1
1946.69,20000,0.0973,0,0,0,30,4,10025.04,2506.26,0,2,0,0,1,upgrade,0.198,1
301.75,20000,0.0151,1,0,1,1,5,13221.06,2644.21,1,8,1,0,0,replacement,0.172,0
3263.46,35000,0.0932,1,0,0,4,4,8479.56,2119.89,3,3,0,0,1,social_media,0.015,0
239.78,10000,0.024,1,1,0,30,6,8377.32,1396.22,2,3,0,0,0,boredom,0.136,1
5618.74,35000,0.1605,0,0,0,1,3,7688.74,2562.91,3,5,1,1,0,boredom,0.59,1
1480.68,50000,0.0296,1,0,0,4,0,0.0,1500.0,1,2,1,0,1,discount,0.108,1
343.82,50000,0.0069,0,0,0,1,2,3596.64,1798.32,0,16,0,0,0,social_media,0.29,0
3306.56,20000,0.1653,0,0,1,15,5,11336.51,2267.3,3,19,0,1,0,looks_cool,0.68,1
1974.41,50000,0.0395,0,0,1,4,1,3438.89,3438.89,1,7,1,0,1,social_media,0.343,1
12947.04,10000,1.2947,0,0,0,30,2,2040.77,1020.38,3,15,1,1,0,boredom,0.263,1
2949.94,50000,0.059,1,0,0,30,7,16858.0,2408.29,4,6,0,0,1,social_media,0.421,0
1326.7,10000,0.1327,0,0,1,15,2,3438.89,1719.44,1,3,1,1,1,discount,0.022,1
4525.79,20000,0.2263,1,1,0,15,5,14798.91,2959.78,2,7,1,1,1,upgrade,0.159,1
1308.65,50000,0.0262,0,0,0,4,4,2263.34,565.84,2,10,0,1,1,discount,0.114,1
8410.81,10000,0.8411,0,0,1,4,2,5693.31,2846.66,0,1,1,0,0,looks_cool,0.529,1
1843.46,20000,0.0922,1,1,0,15,2,1720.28,860.14,0,13,0,0,1,replacement,0.011,0
2993.75,35000,0.0855,1,1,0,30,1,726.69,726.69,1,17,0,1,0,genuine_need,0.18,0
381.64,35000,0.0109,0,0,1,4,0,0.0,1500.0,2,24,1,0,1,replacement,0.22,0
2143.68,35000,0.0612,0,0,1,4,2,5482.4,2741.2,2,2,1,1,0,boredom,0.199,1
6450.85,35000,0.1843,0,0,0,4,3,10896.83,3632.28,1,1,1,1,0,social_media,0.523,1
5933.31,35000,0.1695,0,0,0,4,3,6956.38,2318.79,0,1,1,0,1,genuine_need,0.199,0
1089.05,20000,0.0545,1,1,0,1,2,4710.17,2355.08,4,31,0,1,1,genuine_need,0.392,1
1097.0,20000,0.0548,1,0,1,4,3,8923.69,2974.56,3,18,1,0,0,discount,0.56,0
6149.79,20000,0.3075,0,0,0,4,2,3263.78,1631.89,0,22,0,1,0,discount,0.277,1
9527.39,75000,0.127,1,1,0,4,5,3145.97,629.19,2,9,0,1,0,genuine_need,0.309,0
550.77,35000,0.0157,1,1,1,4,2,2610.32,1305.16,1,9,0,0,1,boredom,0.33,0
2292.8,20000,0.1146,0,0,0,15,3,3999.14,1333.05,2,5,0,0,0,discount,0.173,1
1640.83,20000,0.082,0,0,0,30,1,1674.81,1674.81,1,23,0,1,0,discount,0.106,1
7359.36,75000,0.0981,1,0,0,30,4,15208.48,3802.12,0,22,0,0,0,looks_cool,0.422,0
505.27,20000,0.0253,1,0,0,4,0,0.0,1500.0,1,6,1,0,0,replacement,0.336,0
1030.02,35000,0.0294,0,0,0,0,1,3775.85,3775.85,1,5,0,1,0,discount,0.222,1
5086.76,35000,0.1453,0,0,1,30,6,23970.8,3995.13,2,17,0,0,0,discount,0.148,0
384.3,35000,0.011,0,0,1,15,3,6054.68,2018.23,1,1,0,0,0,boredom,0.497,0
2574.15,10000,0.2574,1,1,0,4,4,5179.03,1294.76,0,24,1,0,1,genuine_need,0.028,1
2242.56,50000,0.0449,0,0,0,1,5,12300.07,2460.01,2,8,1,0,1,social_media,0.147,1
1624.74,75000,0.0217,0,0,0,1,8,28671.76,3583.97,4,7,1,1,1,discount,0.359,1
1956.37,35000,0.0559,1,1,0,1,7,14910.43,2130.06,2,14,1,1,1,looks_cool,0.334,1
2842.14,35000,0.0812,1,1,0,0,3,6806.69,2268.9,3,13,1,1,1,looks_cool,0.184,1
815.94,75000,0.0109,1,1,1,30,3,2911.61,970.54,1,4,1,0,0,genuine_need,0.027,0
3170.18,35000,0.0906,0,0,0,4,1,1971.59,1971.59,1,35,0,1,0,replacement,0.117,0
5929.41,20000,0.2965,0,0,0,15,7,12981.37,1854.48,3,52,1,0,1,genuine_need,0.506,1
5197.25,35000,0.1485,0,0,0,30,8,13847.28,1730.91,3,9,1,0,1,upgrade,0.226,1
784.91,35000,0.0224,0,0,0,15,1,3605.55,3605.55,3,10,0,1,0,looks_cool,0.363,1
765.73,20000,0.0383,1,0,0,30,5,3537.78,707.56,3,10,1,0,0,genuine_need,0.063,0
1292.75,35000,0.0369,0,0,0,30,3,11707.55,3902.52,2,8,0,0,1,upgrade,0.309,0
1767.89,75000,0.0236,0,0,0,4,5,2644.32,528.86,1,35,1,0,0,looks_cool,0.149,1
2037.56,75000,0.0272,0,0,1,30,2,7619.16,3809.58,3,4,1,1,0,boredom,0.047,0
4184.71,20000,0.2092,0,0,0,15,3,7254.5,2418.17,4,2,1,1,0,discount,0.136,1
404.23,10000,0.0404,1,1,0,1,4,11834.23,2958.56,5,32,0,0,0,looks_cool,0.428,1
323.51,100000,0.0032,0,0,0,15,6,6929.79,1154.96,2,3,0,0,1,replacement,0.31,0
1941.02,50000,0.0388,0,0,1,15,1,2789.74,2789.74,2,17,0,0,0,replacement,0.502,0
4380.97,10000,0.4381,0,0,0,30,7,25107.96,3586.85,1,3,1,0,0,genuine_need,0.358,1
952.4,75000,0.0127,0,0,0,4,3,2964.54,988.18,1,39,0,1,0,upgrade,0.349,1
3790.44,50000,0.0758,0,0,0,4,4,3779.14,944.78,0,19,0,1,1,upgrade,0.13,1
1253.06,35000,0.0358,1,0,1,0,6,9383.54,1563.92,0,31,1,1,0,upgrade,0.336,0
7803.09,35000,0.2229,1,1,0,4,2,2132.08,1066.04,1,37,0,1,0,genuine_need,0.339,1
8111.36,20000,0.4056,1,1,0,1,0,0.0,1500.0,0,2,0,1,1,replacement,0.308,1
1434.82,10000,0.1435,1,1,0,4,1,2874.12,2874.12,3,7,1,1,0,replacement,0.184,1
1114.75,20000,0.0557,1,1,0,30,4,4993.57,1248.39,1,13,1,1,1,boredom,0.209,1
2054.46,50000,0.0411,1,1,0,1,3,8503.66,2834.55,4,20,0,1,1,boredom,0.447,1
1162.98,10000,0.1163,0,0,0,4,3,10550.26,3516.75,4,4,1,0,0,genuine_need,0.112,0
4105.69,20000,0.2053,0,0,1,1,4,11128.35,2782.09,1,30,0,0,0,genuine_need,0.36,0
6321.75,20000,0.3161,0,0,1,1,5,4588.92,917.78,1,3,0,0,0,looks_cool,0.678,0
4113.27,35000,0.1175,1,0,0,4,1,2507.52,2507.52,0,25,1,0,0,genuine_need,0.302,0
6287.43,75000,0.0838,1,0,0,1,7,13143.9,1877.7,4,9,1,0,1,boredom,0.42,1
1970.39,20000,0.0985,1,1,0,4,6,10210.79,1701.8,2,9,0,1,0,upgrade,0.344,1
794.92,20000,0.0397,0,0,0,0,2,3229.72,1614.86,1,6,1,1,1,discount,0.066,1
4887.28,35000,0.1396,1,1,1,1,3,11259.04,3753.01,2,2,1,0,1,social_media,0.353,1
1764.6,20000,0.0882,0,0,1,4,4,12395.1,3098.78,1,6,1,0,1,replacement,0.193,0
4093.82,20000,0.2047,0,0,0,4,1,968.47,968.47,4,7,0,1,0,genuine_need,0.216,0
1304.58,20000,0.0652,0,0,0,0,4,8664.08,2166.02,2,8,0,0,0,social_media,0.444,1
496.52,10000,0.0497,0,0,0,4,7,11296.47,1613.78,1,17,0,0,0,boredom,0.095,1
17363.36,20000,0.8682,0,0,1,30,1,3922.78,3922.78,0,6,0,1,1,discount,0.224,1
794.45,20000,0.0397,0,0,1,15,3,11769.3,3923.1,3,7,1,0,0,looks_cool,0.354,0
15804.97,20000,0.7902,0,0,1,1,1,1618.37,1618.37,4,29,0,0,1,boredom,0.28,1
13445.77,75000,0.1793,1,1,1,4,4,6929.58,1732.4,0,17,1,0,0,replacement,0.217,0
5726.49,20000,0.2863,1,1,0,15,4,10391.8,2597.95,2,1,0,1,1,upgrade,0.17,1
3969.9,35000,0.1134,1,1,1,0,2,4355.15,2177.57,3,21,0,1,0,replacement,0.136,0
3218.02,35000,0.0919,0,0,1,30,6,7475.12,1245.85,0,56,0,0,0,genuine_need,0.312,0
7237.36,10000,0.7237,1,1,0,30,3,8434.33,2811.44,0,34,0,1,0,social_media,0.583,1
1395.95,35000,0.0399,1,0,0,30,4,6677.8,1669.45,1,22,0,1,0,genuine_need,0.258,0
2406.79,20000,0.1203,0,0,1,30,2,5576.02,2788.01,0,12,1,1,0,genuine_need,0.331,0
3580.93,75000,0.0477,0,0,0,15,5,9214.43,1842.89,1,4,1,1,1,upgrade,0.059,0
2053.78,10000,0.2054,0,0,1,15,3,8852.2,2950.73,6,13,0,1,0,genuine_need,0.004,0
2152.02,20000,0.1076,0,0,1,15,4,11349.19,2837.3,1,15,0,1,1,genuine_need,0.114,0
1603.16,10000,0.1603,1,1,1,30,3,6842.53,2280.84,4,4,1,0,1,genuine_need,0.373,0
3107.26,100000,0.0311,1,1,1,15,3,8899.77,2966.59,1,4,0,0,0,looks_cool,0.148,0
6853.35,35000,0.1958,0,0,0,4,6,12680.28,2113.38,1,7,1,0,1,social_media,0.153,1
987.7,35000,0.0282,1,0,1,4,1,906.48,906.48,2,13,1,1,0,looks_cool,0.129,0
9736.39,10000,0.9736,1,1,0,30,4,4549.49,1137.37,1,5,0,0,0,looks_cool,0.41,1
4288.85,35000,0.1225,1,0,0,0,1,1360.98,1360.98,2,10,0,0,1,boredom,0.325,1
6266.03,20000,0.3133,0,0,0,15,1,721.3,721.3,3,28,1,0,1,genuine_need,0.402,0
3043.26,50000,0.0609,1,0,0,30,4,11959.34,2989.84,2,5,1,0,1,looks_cool,0.661,1
5491.77,20000,0.2746,0,0,0,15,3,5357.6,1785.87,1,41,0,0,1,upgrade,0.274,1
257.17,20000,0.0129,1,1,1,30,1,827.33,827.33,1,8,1,1,1,genuine_need,0.474,0
6170.44,10000,0.617,0,0,0,15,2,6739.71,3369.86,0,2,1,1,1,discount,0.401,1
343.38,20000,0.0172,0,0,0,0,2,5785.58,2892.79,1,1,1,1,0,replacement,0.398,1
7922.71,35000,0.2264,1,1,0,30,2,4165.57,2082.78,3,5,1,1,0,genuine_need,0.275,0
17082.84,10000,1.7083,0,0,0,4,3,4097.97,1365.99,2,4,0,1,0,genuine_need,0.827,1
1418.82,50000,0.0284,0,0,1,4,4,4124.44,1031.11,2,23,1,0,0,upgrade,0.469,0
1026.44,20000,0.0513,0,0,0,4,7,14730.17,2104.31,2,17,1,0,1,looks_cool,0.415,1
5274.01,35000,0.1507,1,0,1,4,2,7196.72,3598.36,2,26,0,0,0,replacement,0.226,0
1221.04,20000,0.0611,0,0,1,4,7,8115.69,1159.38,1,11,0,1,1,social_media,0.3,1
7223.29,20000,0.3612,1,1,0,4,0,0.0,1500.0,0,7,1,0,0,genuine_need,0.538,1
579.83,35000,0.0166,0,0,1,15,3,11597.7,3865.9,0,4,1,0,0,upgrade,0.348,0
671.18,20000,0.0336,0,0,0,30,6,16379.45,2729.91,1,11,0,1,0,genuine_need,0.37,0
13746.67,20000,0.6873,0,0,0,4,2,4079.75,2039.88,3,12,1,0,0,looks_cool,0.29,1
4121.27,50000,0.0824,0,0,1,1,1,3007.31,3007.31,0,6,1,0,1,boredom,0.378,0
6768.03,75000,0.0902,0,0,1,15,2,6772.05,3386.02,1,34,1,0,1,replacement,0.281,0
1572.17,20000,0.0786,0,0,0,15,6,15400.84,2566.81,3,13,0,1,0,boredom,0.475,1
4149.77,20000,0.2075,1,0,0,30,3,10654.24,3551.41,3,22,0,0,1,social_media,0.338,0
3356.99,35000,0.0959,1,0,0,0,2,4602.14,2301.07,2,12,0,1,0,genuine_need,0.237,0
3434.69,20000,0.1717,0,0,0,30,6,20430.61,3405.1,1,5,0,1,0,upgrade,0.483,1
4215.83,10000,0.4216,0,0,1,4,3,11496.2,3832.07,2,17,0,1,1,looks_cool,0.243,1
3197.79,20000,0.1599,1,1,0,15,1,2254.35,2254.35,0,4,1,0,1,discount,0.364,1
2161.66,35000,0.0618,0,0,0,1,3,7852.52,2617.51,1,11,1,0,1,discount,0.266,1
1330.0,35000,0.038,0,0,1,4,4,10532.55,2633.14,1,7,0,0,1,upgrade,0.169,0
5322.34,10000,0.5322,1,1,0,1,5,16175.11,3235.02,0,2,0,1,0,upgrade,0.282,1
1097.87,20000,0.0549,1,1,0,4,5,16901.9,3380.38,2,7,1,1,0,genuine_need,0.177,0
4325.82,20000,0.2163,1,1,1,4,1,595.3,595.3,2,5,1,1,0,discount,0.432,1
1129.96,35000,0.0323,0,0,1,30,2,6133.52,3066.76,0,2,0,1,1,social_media,0.141,0
3635.99,10000,0.3636,0,0,1,15,7,22703.47,3243.35,0,21,1,1,1,social_media,0.324,1
5011.36,10000,0.5011,1,1,0,4,3,8854.51,2951.5,0,9,1,1,1,discount,0.359,1
1063.85,50000,0.0213,0,0,1,4,3,8993.8,2997.93,2,6,1,0,0,replacement,0.564,0
416.35,20000,0.0208,0,0,0,4,2,1289.82,644.91,2,9,1,0,1,genuine_need,0.152,0
691.34,35000,0.0198,0,0,0,30,2,4094.27,2047.14,0,17,1,1,1,looks_cool,0.044,1
3459.89,20000,0.173,0,0,1,4,2,6727.26,3363.63,6,1,1,1,0,upgrade,0.448,0
6827.03,10000,0.6827,1,1,0,4,4,15076.1,3769.02,3,10,0,0,0,discount,0.427,1
361.14,20000,0.0181,1,1,1,1,6,7818.83,1303.14,2,8,1,0,1,genuine_need,0.076,0
4836.9,35000,0.1382,1,1,0,15,10,25271.82,2527.18,0,27,0,0,1,genuine_need,0.352,1
1661.3,50000,0.0332,0,0,0,4,3,9945.47,3315.16,1,10,1,0,1,genuine_need,0.056,0
2478.85,50000,0.0496,0,0,1,0,3,9400.28,3133.43,2,2,1,1,0,social_media,0.458,1
9450.85,20000,0.4725,0,0,0,30,2,5332.23,2666.12,5,6,0,0,0,discount,0.262,1
1611.99,35000,0.0461,0,0,1,15,2,1130.84,565.42,2,12,0,0,1,discount,0.576,1
2391.41,20000,0.1196,1,1,0,15,6,18201.6,3033.6,3,1,0,1,1,looks_cool,0.27,1
248.22,20000,0.0124,0,0,1,1,1,3206.35,3206.35,3,26,1,0,1,genuine_need,0.061,0
497.92,50000,0.01,0,0,0,4,4,12119.89,3029.97,1,1,1,0,0,genuine_need,0.334,0
1247.21,10000,0.1247,0,0,0,30,6,19081.99,3180.33,5,1,0,0,1,genuine_need,0.021,0
298.87,10000,0.0299,1,1,0,30,2,4016.4,2008.2,1,1,1,0,0,upgrade,0.214,0
3692.92,20000,0.1846,0,0,1,4,3,11934.4,3978.13,1,14,0,0,1,looks_cool,0.374,0
2145.37,10000,0.2145,0,0,1,1,1,3197.75,3197.75,2,8,0,1,0,looks_cool,0.07,1
2980.38,20000,0.149,0,0,1,4,5,12626.9,2525.38,1,2,0,0,1,discount,0.326,1
871.81,35000,0.0249,1,1,0,4,1,3769.67,3769.67,1,24,0,1,0,discount,0.181,1
1428.08,20000,0.0714,0,0,0,15,3,11036.08,3678.69,2,3,1,0,1,looks_cool,0.528,1
4015.43,50000,0.0803,1,1,0,30,3,10052.95,3350.98,1,5,1,1,1,discount,0.448,1
11963.83,50000,0.2393,1,1,0,4,4,9891.73,2472.93,4,3,0,1,0,replacement,0.141,1
381.06,20000,0.0191,0,0,0,1,2,4689.71,2344.86,0,32,0,0,0,social_media,0.137,0
7937.71,20000,0.3969,1,1,1,30,2,3300.96,1650.48,2,18,1,1,0,social_media,0.346,1
3210.36,20000,0.1605,0,0,1,0,4,5512.29,1378.07,1,16,1,0,0,discount,0.5,1
3104.75,35000,0.0887,1,1,0,30,0,0.0,1500.0,2,1,1,0,0,replacement,0.718,1
2627.97,20000,0.1314,0,0,0,15,3,7566.71,2522.24,1,9,0,1,0,upgrade,0.263,0
451.72,35000,0.0129,0,0,1,30,3,4067.53,1355.84,1,11,1,1,1,upgrade,0.17,1
529.61,20000,0.0265,0,0,0,1,7,26103.73,3729.1,0,6,0,1,1,genuine_need,0.205,0
3415.01,35000,0.0976,0,0,0,0,3,7351.38,2450.46,0,5,1,1,0,upgrade,0.167,1
1659.39,20000,0.083,1,1,0,4,2,4685.54,2342.77,1,23,0,1,0,genuine_need,0.149,1
8922.52,20000,0.4461,0,0,0,4,2,4049.47,2024.74,1,1,0,1,0,upgrade,0.391,1
2026.55,75000,0.027,1,1,1,4,1,703.25,703.25,0,12,1,0,0,genuine_need,0.302,0
741.26,50000,0.0148,0,0,0,30,1,3588.4,3588.4,2,7,1,0,1,boredom,0.264,1
4589.98,10000,0.459,1,1,0,30,3,4828.44,1609.48,2,14,0,0,0,replacement,0.213,0
1415.29,50000,0.0283,0,0,0,15,2,5497.22,2748.61,1,3,1,0,1,upgrade,0.488,1
2809.01,20000,0.1405,0,0,1,1,3,7878.05,2626.02,0,4,1,0,0,genuine_need,0.061,0
4388.71,50000,0.0878,0,0,0,15,6,15274.22,2545.7,2,11,0,1,1,genuine_need,0.233,0
8268.3,50000,0.1654,1,1,0,15,2,4679.99,2340.0,4,47,1,0,1,discount,0.302,1
5698.98,20000,0.2849,0,0,1,4,3,3405.12,1135.04,1,45,1,1,0,genuine_need,0.505,0
4148.44,10000,0.4148,0,0,1,30,2,2964.24,1482.12,1,4,1,0,1,discount,0.126,1
4184.01,20000,0.2092,0,0,1,1,3,7003.97,2334.66,0,2,0,0,0,genuine_need,0.219,0
10410.82,35000,0.2975,1,1,1,4,1,3262.7,3262.7,2,11,1,1,0,upgrade,0.188,1
1427.54,35000,0.0408,0,0,0,1,1,2011.96,2011.96,1,7,1,0,1,social_media,0.284,1
203.89,20000,0.0102,1,1,0,15,1,1213.73,1213.73,5,18,1,1,1,boredom,0.274,1
1310.87,10000,0.1311,0,0,0,15,1,807.81,807.81,4,10,0,0,0,upgrade,0.428,0
1060.17,50000,0.0212,1,0,0,4,3,8461.62,2820.54,3,9,0,1,0,looks_cool,0.31,1
3994.77,100000,0.0399,1,0,1,1,6,11890.14,1981.69,1,13,1,0,0,social_media,0.268,0
3715.17,35000,0.1061,0,0,1,0,5,4693.99,938.8,2,2,0,0,1,replacement,0.248,0
3350.27,20000,0.1675,0,0,1,1,3,8581.9,2860.63,1,14,1,1,1,looks_cool,0.207,1
257.32,20000,0.0129,0,0,0,4,3,3679.58,1226.53,1,9,0,0,0,discount,0.585,1
4766.86,10000,0.4767,0,0,1,1,4,9126.22,2281.55,3,21,0,0,1,genuine_need,0.466,1
1568.04,75000,0.0209,0,0,1,4,2,3143.32,1571.66,1,2,1,1,0,boredom,0.248,1
4028.27,10000,0.4028,1,1,0,30,3,11282.75,3760.92,3,5,0,0,1,genuine_need,0.281,0
3046.32,35000,0.087,0,0,1,4,5,6495.04,1299.01,1,36,0,0,0,upgrade,0.058,0
1668.82,20000,0.0834,1,1,0,15,6,11818.29,1969.72,1,10,1,0,0,upgrade,0.278,0
705.88,35000,0.0202,0,0,0,0,1,3858.23,3858.23,3,32,0,0,0,discount,0.13,0
547.12,35000,0.0156,1,1,1,4,4,6462.15,1615.54,2,15,1,1,0,discount,0.167,1
6433.25,50000,0.1287,0,0,1,4,3,8268.23,2756.08,2,32,1,1,0,replacement,0.069,0
8970.64,20000,0.4485,0,0,0,1,4,6434.18,1608.54,2,5,0,0,0,upgrade,0.091,1
3872.26,10000,0.3872,0,0,0,1,2,1774.72,887.36,2,2,0,1,0,genuine_need,0.348,0
582.14,10000,0.0582,0,0,1,30,5,13482.08,2696.42,1,20,1,0,0,genuine_need,0.066,0
1999.74,75000,0.0267,0,0,1,30,1,3706.11,3706.11,3,20,0,0,1,looks_cool,0.419,0
4768.94,50000,0.0954,1,1,1,1,4,8335.91,2083.98,3,12,0,1,0,social_media,0.209,0
5496.6,35000,0.157,1,1,0,4,5,13458.09,2691.62,1,11,1,0,0,upgrade,0.254,1
640.34,35000,0.0183,0,0,0,30,1,2631.14,2631.14,1,30,0,0,1,genuine_need,0.489,0
200.11,35000,0.0057,0,0,0,1,1,1952.81,1952.81,2,3,1,1,0,upgrade,0.387,1
4558.45,20000,0.2279,0,0,0,15,4,10608.55,2652.14,0,12,1,1,0,replacement,0.134,1
1743.44,75000,0.0232,0,0,0,30,1,1407.61,1407.61,2,1,0,0,1,social_media,0.073,0
1227.86,20000,0.0614,0,0,0,30,4,7292.53,1823.13,0,2,1,0,0,genuine_need,0.078,0
245.43,20000,0.0123,1,1,0,4,3,6144.35,2048.12,1,7,0,0,1,upgrade,0.404,1
2920.13,35000,0.0834,1,1,0,1,4,14096.12,3524.03,3,21,0,1,0,discount,0.273,1
6866.87,10000,0.6867,1,0,1,1,5,8595.83,1719.17,1,16,1,1,0,boredom,0.206,1
11264.74,20000,0.5632,0,0,0,30,4,10891.92,2722.98,2,44,0,1,1,genuine_need,0.374,1
3119.43,35000,0.0891,1,0,0,30,3,3740.74,1246.91,1,1,1,1,0,genuine_need,0.218,0
2728.74,10000,0.2729,1,1,0,15,5,6919.97,1383.99,0,6,1,1,0,boredom,0.141,1
511.12,35000,0.0146,0,0,0,15,6,16617.01,2769.5,1,3,0,1,0,upgrade,0.211,1
2986.02,20000,0.1493,0,0,0,15,4,12672.34,3168.08,1,1,0,0,0,social_media,0.128,1
1873.01,20000,0.0937,1,1,1,15,2,4234.82,2117.41,2,4,1,1,0,social_media,0.221,1
3470.01,20000,0.1735,0,0,1,30,1,1672.85,1672.85,5,4,1,1,0,replacement,0.309,0
1922.74,20000,0.0961,0,0,0,15,1,3685.95,3685.95,0,7,1,0,1,replacement,0.381,0
1161.91,35000,0.0332,0,0,0,4,1,975.33,975.33,0,2,0,0,1,replacement,0.239,0
549.24,20000,0.0275,1,1,0,1,2,6045.0,3022.5,3,9,1,0,0,social_media,0.331,1
1523.76,35000,0.0435,0,0,1,15,2,5831.2,2915.6,3,31,1,1,1,looks_cool,0.103,0
555.74,20000,0.0278,1,1,0,4,3,8747.57,2915.86,5,17,0,0,1,discount,0.131,1
881.36,35000,0.0252,1,1,0,4,5,18869.86,3773.97,2,23,1,1,1,upgrade,0.035,1
15491.52,75000,0.2066,1,0,1,30,4,12194.66,3048.66,1,20,1,0,0,replacement,0.243,0
2255.11,35000,0.0644,0,0,1,15,2,3110.96,1555.48,2,6,1,1,1,upgrade,0.077,0
2856.55,20000,0.1428,1,1,1,30,4,6947.73,1736.93,5,15,0,0,0,looks_cool,0.243,0
7439.58,10000,0.744,0,0,1,1,3,5606.67,1868.89,2,17,1,1,1,looks_cool,0.403,1
19166.88,20000,0.9583,0,0,1,15,1,607.83,607.83,1,3,1,0,1,replacement,0.471,1
3258.95,35000,0.0931,0,0,0,1,2,7394.57,3697.28,4,24,0,0,1,replacement,0.11,0
6058.43,10000,0.6058,0,0,0,30,1,757.43,757.43,3,8,0,0,0,social_media,0.349,1
1585.73,20000,0.0793,1,1,1,1,3,8847.84,2949.28,2,1,1,0,1,upgrade,0.285,1
1477.2,35000,0.0422,0,0,1,15,4,12222.25,3055.56,0,13,0,1,0,discount,0.204,0
2003.7,20000,0.1002,0,0,1,15,7,24171.02,3453.0,1,14,1,1,1,upgrade,0.246,0
4107.01,50000,0.0821,0,0,0,4,4,9747.07,2436.77,1,10,1,0,1,replacement,0.417,1
4212.07,10000,0.4212,1,1,0,30,2,6076.85,3038.42,0,3,1,0,0,genuine_need,0.459,1
1525.4,10000,0.1525,1,1,0,30,2,3119.06,1559.53,1,8,1,1,0,genuine_need,0.766,1
700.35,35000,0.02,1,1,0,4,3,9328.63,3109.54,1,7,0,1,0,genuine_need,0.43,0
3702.62,20000,0.1851,0,0,0,0,3,5105.87,1701.96,1,45,1,0,0,replacement,0.289,1
680.69,35000,0.0194,0,0,1,4,1,3659.93,3659.93,2,21,1,0,1,genuine_need,0.366,0
3223.71,20000,0.1612,1,0,0,4,3,3215.51,1071.84,3,18,1,0,0,replacement,0.269,1
4337.99,20000,0.2169,0,0,1,30,3,4815.45,1605.15,1,3,0,0,0,genuine_need,0.641,0
4421.05,50000,0.0884,0,0,1,30,3,6737.08,2245.69,2,5,1,1,1,replacement,0.298,0
5100.98,50000,0.102,1,0,0,1,3,9646.43,3215.48,1,6,0,1,1,upgrade,0.031,1
7418.62,35000,0.212,0,0,0,4,3,9362.39,3120.8,3,9,1,0,0,boredom,0.388,1
2625.73,20000,0.1313,1,1,1,4,5,6187.55,1237.51,1,1,0,0,0,replacement,0.178,0
4785.9,35000,0.1367,0,0,1,1,3,3014.47,1004.82,3,11,1,1,1,genuine_need,0.183,0
3578.93,20000,0.1789,0,0,1,4,2,3127.79,1563.9,2,6,1,0,0,upgrade,0.071,0
923.03,10000,0.0923,0,0,1,4,4,8772.56,2193.14,2,10,0,0,0,social_media,0.524,0
291.09,75000,0.0039,0,0,1,4,3,7159.55,2386.52,0,1,1,1,0,replacement,0.404,0
1371.91,10000,0.1372,1,1,0,15,1,2001.98,2001.98,1,5,1,0,1,replacement,0.132,0
2248.38,75000,0.03,1,1,1,15,1,2820.82,2820.82,1,18,1,1,0,looks_cool,0.268,1
3559.99,20000,0.178,0,0,1,1,4,7985.83,1996.46,0,9,1,1,1,replacement,0.436,1
6838.97,20000,0.3419,0,0,1,30,3,11436.45,3812.15,0,19,0,1,1,boredom,0.237,1
964.62,35000,0.0276,1,1,0,15,2,2826.78,1413.39,1,15,1,0,0,looks_cool,0.267,1
669.56,50000,0.0134,1,1,1,30,5,13479.01,2695.8,3,24,1,1,1,discount,0.337,1
11784.63,35000,0.3367,0,0,0,4,7,18478.76,2639.82,2,1,1,1,0,discount,0.218,1
600.19,50000,0.012,0,0,1,30,1,1485.51,1485.51,1,4,1,0,1,replacement,0.302,0
2478.6,35000,0.0708,0,0,0,30,4,7763.63,1940.91,1,10,1,0,1,social_media,0.406,1
3282.93,35000,0.0938,1,1,0,4,2,3558.32,1779.16,2,34,1,0,0,replacement,0.22,0
2928.32,50000,0.0586,1,0,0,4,3,3311.24,1103.75,2,14,1,1,1,upgrade,0.194,1
514.86,20000,0.0257,0,0,0,30,2,4341.07,2170.54,2,8,0,0,0,genuine_need,0.297,0
405.51,20000,0.0203,1,0,0,15,0,0.0,1500.0,1,2,1,0,0,replacement,0.382,0
590.15,20000,0.0295,0,0,1,30,3,3372.33,1124.11,1,9,0,1,0,upgrade,0.478,0
3283.13,100000,0.0328,0,0,0,15,4,8298.32,2074.58,1,7,0,0,1,upgrade,0.588,1
2951.07,75000,0.0393,0,0,0,15,0,0.0,1500.0,5,19,1,0,0,replacement,0.472,0
1131.82,10000,0.1132,1,1,0,1,0,0.0,1500.0,0,7,1,0,0,upgrade,0.391,1
3754.21,35000,0.1073,0,0,0,4,1,959.16,959.16,1,5,1,1,1,social_media,0.296,1
6203.11,75000,0.0827,0,0,0,30,3,8298.83,2766.28,1,2,0,1,1,upgrade,0.379,1
348.64,20000,0.0174,0,0,0,4,1,2973.03,2973.03,2,1,0,1,1,upgrade,0.399,0
2612.95,35000,0.0747,0,0,0,1,2,7588.26,3794.13,1,7,0,0,0,social_media,0.267,0
4291.36,75000,0.0572,0,0,1,15,5,4022.58,804.52,2,6,1,1,1,looks_cool,0.237,1
1217.69,10000,0.1218,1,1,0,15,3,2737.55,912.52,4,10,1,0,1,upgrade,0.488,1
1487.43,35000,0.0425,0,0,0,4,5,3406.82,681.36,1,15,0,0,0,boredom,0.365,1
3528.43,20000,0.1764,1,1,0,4,3,7088.4,2362.8,1,1,1,1,1,upgrade,0.344,1
8187.52,75000,0.1092,0,0,1,4,5,13398.07,2679.61,0,9,0,1,0,replacement,0.407,0
6011.17,100000,0.0601,0,0,0,0,4,7649.33,1912.33,1,24,1,1,1,discount,0.101,1
3262.43,75000,0.0435,0,0,0,15,7,23048.6,3292.66,2,8,1,0,1,genuine_need,0.198,0
4785.54,20000,0.2393,0,0,0,4,2,5806.9,2903.45,0,9,0,0,1,looks_cool,0.144,1
1788.48,50000,0.0358,0,0,0,30,4,15801.77,3950.44,0,9,0,0,0,upgrade,0.453,0
3785.18,50000,0.0757,0,0,0,30,2,1965.26,982.63,2,6,0,0,1,discount,0.407,0
2396.95,20000,0.1198,1,1,0,15,3,2112.31,704.1,2,2,1,0,0,discount,0.39,0
937.25,50000,0.0187,1,1,0,4,2,2923.63,1461.82,1,2,0,1,0,genuine_need,0.186,0
4434.24,10000,0.4434,0,0,0,4,1,566.68,566.68,1,3,0,0,0,social_media,0.298,1
3045.42,35000,0.087,0,0,0,4,8,30113.12,3764.14,2,19,1,0,0,social_media,0.39,1
1754.47,20000,0.0877,0,0,1,4,2,3127.66,1563.83,1,4,1,0,0,boredom,0.298,0
8680.28,10000,0.868,0,0,1,30,1,2433.51,2433.51,3,36,0,0,1,upgrade,0.037,0
274.05,10000,0.0274,0,0,0,4,5,8066.22,1613.24,0,20,0,1,0,upgrade,0.489,1
1528.13,35000,0.0437,1,0,1,30,3,4080.99,1360.33,1,14,0,1,0,looks_cool,0.195,0
404.97,20000,0.0202,0,0,1,1,1,1033.28,1033.28,3,16,0,1,1,replacement,0.444,0
5291.42,35000,0.1512,0,0,1,1,1,1621.28,1621.28,2,1,1,1,0,genuine_need,0.148,0
4438.58,10000,0.4439,0,0,0,30,3,7961.9,2653.97,1,11,0,0,1,genuine_need,0.289,0
1608.74,20000,0.0804,0,0,1,4,5,19503.37,3900.67,3,34,1,1,0,boredom,0.191,1
4140.9,35000,0.1183,1,1,0,4,1,2453.32,2453.32,0,1,1,0,0,replacement,0.196,1
1964.27,50000,0.0393,0,0,0,4,1,2364.48,2364.48,2,5,1,0,0,social_media,0.146,1
5140.7,20000,0.257,0,0,0,1,4,2493.68,623.42,4,1,0,0,0,upgrade,0.171,1
2319.15,35000,0.0663,1,0,0,15,5,17201.73,3440.35,3,11,1,0,1,replacement,0.111,0
2060.26,50000,0.0412,0,0,0,1,5,3284.72,656.94,1,2,0,0,1,looks_cool,0.562,1
9752.28,35000,0.2786,1,1,0,4,6,22030.88,3671.81,0,8,0,1,1,upgrade,0.374,1
1210.99,20000,0.0605,1,0,1,4,4,9541.4,2385.35,1,16,0,0,0,discount,0.319,0
649.2,10000,0.0649,0,0,0,30,0,0.0,1500.0,2,3,1,1,0,replacement,0.214,0
3274.32,50000,0.0655,1,0,0,4,2,4161.95,2080.98,1,17,1,1,1,replacement,0.327,1
12394.71,10000,1.2395,0,0,0,1,3,11947.34,3982.45,0,1,1,1,0,social_media,0.138,1
1860.95,50000,0.0372,0,0,0,4,5,7838.95,1567.79,0,2,0,1,1,replacement,0.225,1
424.16,35000,0.0121,0,0,0,1,1,1443.11,1443.11,1,4,1,1,0,upgrade,0.036,1
1650.62,75000,0.022,0,0,1,1,4,3652.08,913.02,0,20,0,0,1,genuine_need,0.466,0
2667.78,50000,0.0534,1,1,0,0,3,7769.99,2590.0,1,23,1,0,0,looks_cool,0.117,1
818.26,100000,0.0082,1,1,0,4,3,2436.88,812.29,0,3,0,1,0,social_media,0.436,1
3956.35,20000,0.1978,1,0,1,1,7,22267.2,3181.03,2,2,1,1,0,social_media,0.436,1
21537.94,50000,0.4308,1,1,0,4,5,18586.41,3717.28,0,23,0,1,0,genuine_need,0.125,1
2303.52,20000,0.1152,0,0,1,30,1,3761.55,3761.55,2,13,1,1,1,upgrade,0.153,0
1733.29,20000,0.0867,0,0,0,15,3,2633.12,877.71,1,3,1,0,1,genuine_need,0.223,0
1992.0,35000,0.0569,0,0,0,1,5,12269.6,2453.92,2,10,0,1,0,replacement,0.226,1
628.16,50000,0.0126,0,0,0,1,5,4199.42,839.88,0,25,1,1,0,replacement,0.425,0
7717.73,100000,0.0772,0,0,0,15,6,15012.34,2502.06,2,1,0,0,0,looks_cool,0.184,1
2075.46,50000,0.0415,1,0,0,30,2,6704.86,3352.43,1,2,1,1,0,boredom,0.426,0
1914.43,20000,0.0957,0,0,1,0,4,9529.06,2382.26,1,4,1,1,0,discount,0.088,1
3972.65,20000,0.1986,0,0,1,30,6,21313.13,3552.19,2,13,1,0,1,upgrade,0.166,1
2242.1,35000,0.0641,0,0,1,4,1,3305.86,3305.86,1,3,0,1,1,upgrade,0.179,0
3856.76,20000,0.1928,1,1,1,4,1,1467.92,1467.92,1,21,0,0,1,genuine_need,0.33,0
421.95,10000,0.0422,1,1,0,30,1,2705.36,2705.36,1,17,1,0,1,social_media,0.211,1
6081.83,20000,0.3041,1,1,1,15,3,1577.83,525.94,2,10,1,0,1,discount,0.38,1
10076.46,20000,0.5038,0,0,0,30,4,7544.59,1886.15,3,2,0,1,0,discount,0.046,1
3862.05,20000,0.1931,1,0,1,4,2,2665.72,1332.86,2,54,0,0,0,social_media,0.592,0
11020.23,20000,0.551,0,0,0,4,2,7559.81,3779.9,4,9,0,0,0,boredom,0.433,1
774.72,10000,0.0775,1,1,1,15,3,5756.58,1918.86,1,8,0,1,0,upgrade,0.203,0
2471.39,10000,0.2471,0,0,1,4,5,13946.13,2789.23,0,65,1,0,0,upgrade,0.255,0
3422.86,100000,0.0342,0,0,0,4,5,15309.68,3061.94,1,24,0,0,0,boredom,0.695,1
3250.75,20000,0.1625,0,0,0,1,2,6412.49,3206.24,2,8,0,1,0,discount,0.08,1
1996.43,20000,0.0998,1,0,0,1,5,15376.07,3075.21,1,7,1,0,1,looks_cool,0.532,1
1644.16,35000,0.047,0,0,0,4,1,1512.08,1512.08,1,2,0,1,1,replacement,0.32,1
674.66,20000,0.0337,1,1,1,15,1,2901.24,2901.24,1,32,0,0,0,replacement,0.301,0
1940.05,75000,0.0259,0,0,1,30,4,9686.13,2421.53,1,23,0,1,1,upgrade,0.246,0
821.34,50000,0.0164,0,0,0,4,3,7772.41,2590.8,0,5,1,0,1,replacement,0.085,1
4839.72,10000,0.484,0,0,0,15,4,2011.4,502.85,0,17,1,1,0,looks_cool,0.473,1
1019.85,20000,0.051,0,0,1,1,4,5615.61,1403.9,2,18,1,0,1,upgrade,0.389,1
411.23,50000,0.0082,0,0,0,30,5,18786.96,3757.39,0,4,1,0,0,boredom,0.218,1
3013.23,75000,0.0402,0,0,0,4,0,0.0,1500.0,3,12,0,1,1,replacement,0.18,0
3365.52,20000,0.1683,1,1,1,15,6,12198.33,2033.06,3,4,1,1,1,genuine_need,0.286,1
7392.66,35000,0.2112,0,0,1,15,3,3460.08,1153.36,4,19,0,1,1,genuine_need,0.463,0
3211.19,20000,0.1606,1,1,0,4,4,3940.44,985.11,2,3,1,0,1,replacement,0.127,1
1683.49,100000,0.0168,1,0,0,4,1,1230.34,1230.34,4,14,0,0,1,discount,0.156,1
5886.14,20000,0.2943,1,1,1,30,1,2437.77,2437.77,1,5,1,0,0,genuine_need,0.472,0
2919.97,75000,0.0389,0,0,1,1,3,11149.8,3716.6,2,1,1,0,0,upgrade,0.113,0
489.1,35000,0.014,0,0,1,15,6,9850.18,1641.7,0,2,1,0,1,social_media,0.326,1
3120.28,35000,0.0892,0,0,0,30,6,9791.57,1631.93,1,13,0,1,1,genuine_need,0.125,0
8551.59,35000,0.2443,1,1,1,4,2,4948.98,2474.49,0,4,0,0,1,genuine_need,0.38,0
1966.45,20000,0.0983,1,0,0,30,7,12240.2,1748.6,1,12,1,0,1,discount,0.075,0
1430.04,20000,0.0715,0,0,1,30,1,3686.46,3686.46,1,7,1,0,0,discount,0.549,0
742.03,20000,0.0371,0,0,0,15,2,3644.94,1822.47,0,15,0,1,1,looks_cool,0.066,1
774.77,20000,0.0387,1,1,0,1,4,8866.19,2216.55,2,9,0,0,1,discount,0.15,1
2184.48,50000,0.0437,0,0,1,4,3,7100.59,2366.86,3,5,1,0,0,boredom,0.118,1
3369.42,20000,0.1685,1,1,0,0,7,22660.66,3237.24,1,2,1,1,1,replacement,0.262,1
494.18,10000,0.0494,0,0,0,30,2,4947.34,2473.67,1,6,1,0,0,replacement,0.7,0
10021.86,75000,0.1336,1,1,1,30,1,1337.04,1337.04,2,13,1,0,1,looks_cool,0.316,0
5124.65,50000,0.1025,0,0,1,15,1,933.96,933.96,2,17,1,0,1,social_media,0.28,0
3291.89,75000,0.0439,0,0,1,4,6,22693.27,3782.21,1,3,0,0,0,discount,0.345,0
6369.85,100000,0.0637,1,1,0,1,1,3305.47,3305.47,1,14,0,0,0,upgrade,0.297,0
492.55,20000,0.0246,1,1,0,15,1,580.38,580.38,2,3,1,0,0,genuine_need,0.148,0
2467.53,20000,0.1234,0,0,1,15,1,3375.35,3375.35,0,4,0,0,0,replacement,0.151,0
3680.76,50000,0.0736,0,0,0,30,3,7701.28,2567.09,0,10,0,0,0,genuine_need,0.287,0
6374.22,35000,0.1821,1,1,1,15,4,9264.52,2316.13,1,5,0,0,0,genuine_need,0.141,0
5555.08,20000,0.2778,1,1,0,30,2,1085.6,542.8,1,13,0,0,0,social_media,0.558,1
1335.55,50000,0.0267,1,1,1,15,3,9699.07,3233.02,0,38,0,0,0,genuine_need,0.128,0
10098.66,20000,0.5049,1,1,0,15,4,4772.91,1193.23,2,2,0,0,1,upgrade,0.062,1
664.74,20000,0.0332,0,0,0,4,3,9143.8,3047.93,1,11,0,0,0,boredom,0.08,0
7481.79,35000,0.2138,0,0,1,30,3,1666.62,555.54,3,31,1,1,1,upgrade,0.148,0
12584.4,35000,0.3596,1,0,0,15,2,6574.48,3287.24,1,3,1,0,0,genuine_need,0.198,0
882.45,35000,0.0252,1,1,1,4,3,1741.91,580.64,3,6,0,1,1,discount,0.199,1
4681.3,10000,0.4681,0,0,1,1,4,5302.5,1325.62,2,2,0,1,1,social_media,0.097,1
343.92,50000,0.0069,0,0,1,4,3,4316.92,1438.97,2,13,1,1,0,replacement,0.27,0
2019.67,20000,0.101,1,1,1,4,3,3153.84,1051.28,4,14,0,1,0,social_media,0.282,1
2741.9,10000,0.2742,0,0,0,4,2,4367.41,2183.7,2,14,1,1,1,replacement,0.061,1
3241.63,50000,0.0648,0,0,0,1,4,5971.63,1492.91,0,10,1,1,0,discount,0.082,1
9817.62,75000,0.1309,0,0,0,4,4,15906.03,3976.51,1,17,0,1,0,genuine_need,0.549,1
4104.27,50000,0.0821,1,1,0,1,2,5059.78,2529.89,0,1,0,0,0,upgrade,0.171,0
2497.35,50000,0.0499,1,0,0,30,6,14896.03,2482.67,0,38,1,0,0,upgrade,0.501,0
6006.58,35000,0.1716,0,0,0,4,1,1273.04,1273.04,2,4,1,0,1,social_media,0.391,1
10722.56,35000,0.3064,1,1,0,4,3,5791.24,1930.41,2,2,0,1,1,discount,0.197,1
278.1,10000,0.0278,1,1,0,1,3,2801.77,933.92,1,34,0,0,1,looks_cool,0.255,1
14363.7,20000,0.7182,0,0,0,4,4,12675.41,3168.85,0,22,1,1,0,genuine_need,0.077,1
515.24,20000,0.0258,1,1,1,4,4,6636.23,1659.06,2,18,1,0,0,discount,0.323,0
6094.32,20000,0.3047,0,0,0,30,6,18791.28,3131.88,1,2,1,0,1,genuine_need,0.782,1
1351.39,35000,0.0386,0,0,0,15,1,1800.94,1800.94,1,20,0,0,1,upgrade,0.334,0
696.2,20000,0.0348,0,0,1,1,4,15842.6,3960.65,1,12,0,0,0,upgrade,0.312,0
2228.46,10000,0.2228,0,0,0,15,2,2197.85,1098.92,1,16,1,1,1,genuine_need,0.063,0
3814.46,20000,0.1907,0,0,1,1,4,2021.33,505.33,0,46,0,0,1,genuine_need,0.16,0
1878.5,35000,0.0537,1,1,1,30,5,12909.45,2581.89,2,3,0,1,0,looks_cool,0.046,0
396.39,10000,0.0396,1,1,0,30,4,15341.34,3835.34,3,9,1,0,1,replacement,0.405,1
3402.31,50000,0.068,1,0,1,4,2,5529.38,2764.69,4,17,1,0,1,replacement,0.229,0
8344.19,20000,0.4172,0,0,1,15,5,4000.16,800.03,3,7,1,0,0,discount,0.43,1
1891.32,20000,0.0946,0,0,0,30,2,4783.36,2391.68,0,1,1,1,0,replacement,0.269,0
1053.2,35000,0.0301,0,0,1,15,5,18416.02,3683.2,4,2,0,1,0,genuine_need,0.202,0
2245.51,50000,0.0449,0,0,0,15,1,522.77,522.77,1,12,1,0,1,upgrade,0.409,1
373.5,20000,0.0187,0,0,0,30,2,2168.39,1084.2,1,5,1,0,1,genuine_need,0.491,1
6211.29,35000,0.1775,1,1,0,4,4,13403.86,3350.96,2,2,1,1,0,looks_cool,0.167,1
6327.31,35000,0.1808,1,1,0,15,2,7257.35,3628.68,0,5,0,0,0,boredom,0.407,1
3303.57,20000,0.1652,0,0,0,30,3,8925.19,2975.06,1,3,0,0,0,upgrade,0.172,1
1724.49,50000,0.0345,0,0,1,15,1,3970.46,3970.46,1,1,0,0,0,replacement,0.161,0
5829.24,50000,0.1166,1,0,0,15,4,3263.02,815.76,2,2,0,0,1,upgrade,0.394,1
3031.42,35000,0.0866,0,0,0,1,1,2409.87,2409.87,2,26,0,1,0,genuine_need,0.122,0
6319.09,50000,0.1264,1,1,0,4,2,5794.96,2897.48,2,1,1,0,0,upgrade,0.128,1
3693.71,50000,0.0739,1,1,1,1,0,0.0,1500.0,0,18,1,1,0,genuine_need,0.053,0
5570.25,35000,0.1591,1,1,1,4,1,3277.2,3277.2,2,17,1,1,1,social_media,0.151,1
3394.47,50000,0.0679,0,0,1,4,3,11135.07,3711.69,0,10,1,1,1,replacement,0.307,0
2071.37,35000,0.0592,1,1,1,30,4,7062.98,1765.74,0,3,0,0,0,upgrade,0.374,0
11290.79,35000,0.3226,0,0,1,15,0,0.0,1500.0,3,26,1,0,1,genuine_need,0.214,0
2926.34,35000,0.0836,1,1,1,15,8,14148.37,1768.55,3,8,0,1,1,upgrade,0.306,1
3451.84,50000,0.069,0,0,1,4,3,8551.96,2850.65,2,3,1,1,0,genuine_need,0.199,0
1071.8,20000,0.0536,0,0,0,30,3,3741.29,1247.1,2,7,1,0,1,boredom,0.482,0
3638.98,50000,0.0728,0,0,0,15,3,10004.72,3334.91,1,3,0,0,0,upgrade,0.648,0
3167.01,50000,0.0633,0,0,1,15,1,1269.18,1269.18,5,6,1,0,1,genuine_need,0.181,0
915.29,10000,0.0915,1,1,0,4,4,2140.89,535.22,1,9,1,1,0,replacement,0.312,1
415.03,50000,0.0083,1,1,0,4,3,6834.85,2278.28,0,6,1,1,0,genuine_need,0.468,1
3445.37,10000,0.3445,1,1,0,15,3,9127.85,3042.62,1,13,1,1,0,discount,0.407,1
5249.17,20000,0.2625,0,0,1,4,3,5171.38,1723.79,2,33,0,1,0,genuine_need,0.174,0
2793.78,35000,0.0798,1,1,0,30,3,9363.41,3121.14,3,6,0,0,1,upgrade,0.452,0
1100.14,20000,0.055,0,0,1,30,2,4068.83,2034.42,3,6,1,0,0,replacement,0.107,0
4043.62,50000,0.0809,1,1,1,30,2,2202.0,1101.0,0,17,0,0,1,social_media,0.22,0
492.24,50000,0.0098,1,1,1,15,3,2450.86,816.95,1,10,0,0,1,upgrade,0.509,0
2240.84,35000,0.064,0,0,1,30,3,8961.17,2987.06,0,7,1,0,0,looks_cool,0.121,0
824.29,10000,0.0824,1,1,1,30,5,9250.01,1850.0,0,21,1,0,1,boredom,0.157,0
913.66,20000,0.0457,0,0,0,4,1,3694.71,3694.71,0,27,0,1,0,boredom,0.361,1
991.05,35000,0.0283,0,0,0,4,1,2390.89,2390.89,1,11,0,1,1,replacement,0.369,0
1911.19,100000,0.0191,0,0,0,1,3,5158.54,1719.51,3,3,1,1,1,social_media,0.383,1
383.77,35000,0.011,0,0,1,0,2,3442.94,1721.47,1,8,1,1,1,upgrade,0.026,1
1975.04,20000,0.0988,1,1,1,1,4,3840.13,960.03,1,9,1,0,0,upgrade,0.207,0
2708.94,35000,0.0774,0,0,1,0,3,7734.79,2578.26,2,7,1,0,1,looks_cool,0.242,1
2510.99,35000,0.0717,0,0,0,15,3,7612.75,2537.58,1,4,1,0,0,genuine_need,0.375,1
1888.88,50000,0.0378,1,1,0,4,1,3299.98,3299.98,2,8,0,0,1,upgrade,0.02,1
6595.42,10000,0.6595,1,1,0,4,2,2408.38,1204.19,1,8,0,0,0,discount,0.17,1
749.63,50000,0.015,1,0,0,15,5,7588.82,1517.76,2,3,0,0,0,genuine_need,0.755,0
2666.12,35000,0.0762,1,1,0,30,2,1680.67,840.34,1,29,1,0,0,looks_cool,0.476,1
424.17,75000,0.0057,1,0,0,30,3,4601.09,1533.7,2,26,1,1,1,replacement,0.146,0
458.35,20000,0.0229,0,0,1,15,2,3996.71,1998.36,1,18,1,0,1,discount,0.29,0
3185.5,35000,0.091,0,0,0,4,3,11622.3,3874.1,3,7,0,0,1,boredom,0.149,1
3121.64,75000,0.0416,0,0,0,4,1,2785.73,2785.73,3,6,1,0,1,social_media,0.556,1
7564.03,10000,0.7564,0,0,1,1,4,12960.24,3240.06,3,16,1,1,1,looks_cool,0.228,1
3056.56,75000,0.0408,1,1,0,1,2,3278.57,1639.28,1,12,1,0,0,genuine_need,0.112,0
11447.83,35000,0.3271,0,0,0,4,3,3017.38,1005.79,2,12,0,0,1,upgrade,0.218,1
374.72,10000,0.0375,1,1,0,30,1,1398.52,1398.52,1,2,0,0,1,discount,0.366,0
561.02,20000,0.0281,0,0,0,0,1,1397.64,1397.64,3,12,1,0,0,discount,0.396,1
357.73,35000,0.0102,0,0,0,1,1,2540.9,2540.9,0,28,0,0,1,genuine_need,0.217,0
917.17,10000,0.0917,0,0,0,1,3,5085.45,1695.15,3,2,0,1,1,discount,0.402,1
2927.53,35000,0.0836,1,1,0,15,0,0.0,1500.0,0,5,1,0,0,genuine_need,0.186,1
3830.38,20000,0.1915,1,0,0,4,2,7919.81,3959.9,1,9,1,0,1,genuine_need,0.646,0
363.3,35000,0.0104,1,1,0,4,2,3403.09,1701.54,1,14,0,0,0,upgrade,0.338,0
10413.81,10000,1.0414,0,0,1,1,3,8903.13,2967.71,0,2,1,1,0,discount,0.251,1
6661.73,50000,0.1332,1,1,0,4,5,14006.02,2801.2,0,25,0,0,1,boredom,0.086,1
1431.47,100000,0.0143,0,0,1,1,3,3541.86,1180.62,0,1,1,1,1,discount,0.491,1
481.15,75000,0.0064,0,0,0,4,5,18565.15,3713.03,2,24,1,1,0,discount,0.772,1
851.68,35000,0.0243,1,0,0,1,5,5990.25,1198.05,0,1,1,0,0,replacement,0.079,0
675.15,10000,0.0675,0,0,1,15,1,3079.35,3079.35,1,2,0,1,1,genuine_need,0.134,0
660.5,50000,0.0132,1,1,0,4,5,8583.17,1716.63,5,20,0,0,0,discount,0.242,1
2758.42,10000,0.2758,0,0,0,15,3,5354.36,1784.79,3,24,1,0,0,replacement,0.213,0
1187.56,10000,0.1188,1,1,1,4,0,0.0,1500.0,3,49,1,0,0,social_media,0.265,0
1751.85,20000,0.0876,1,0,0,4,4,14103.11,3525.78,2,2,1,1,1,genuine_need,0.324,0
16149.11,20000,0.8075,0,0,1,1,2,1981.76,990.88,2,9,0,0,1,replacement,0.634,1
4235.53,50000,0.0847,1,1,1,4,6,4145.96,690.99,1,1,0,0,1,social_media,0.079,1
10614.43,35000,0.3033,0,0,0,4,1,1907.14,1907.14,3,3,1,1,1,looks_cool,0.552,1
738.3,20000,0.0369,1,1,0,4,2,1389.1,694.55,2,3,0,0,1,replacement,0.149,0
1885.22,20000,0.0943,0,0,0,15,1,2906.6,2906.6,1,1,0,1,1,replacement,0.502,0
3031.77,100000,0.0303,0,0,1,30,2,6322.28,3161.14,2,27,1,0,1,boredom,0.217,0
479.52,20000,0.024,0,0,1,15,4,13965.97,3491.49,1,2,0,1,1,social_media,0.324,1
214.69,20000,0.0107,0,0,1,1,5,15517.24,3103.45,0,12,1,1,0,social_media,0.192,0
4084.93,20000,0.2042,1,1,0,15,1,3707.23,3707.23,1,12,0,1,0,replacement,0.093,0
3793.51,50000,0.0759,0,0,1,1,6,18714.32,3119.05,0,3,1,1,1,upgrade,0.289,1
2051.4,35000,0.0586,0,0,0,15,7,26433.85,3776.26,2,78,0,1,1,genuine_need,0.27,0
2554.26,20000,0.1277,0,0,0,4,2,2351.78,1175.89,0,6,0,0,1,genuine_need,0.362,0
2079.15,10000,0.2079,0,0,1,1,2,4499.04,2249.52,2,29,0,1,0,replacement,0.361,0
285.04,35000,0.0081,1,1,0,30,6,23872.54,3978.76,1,36,1,0,1,replacement,0.407,0
1629.85,35000,0.0466,1,1,1,15,4,11542.09,2885.52,2,36,0,0,1,boredom,0.572,1
882.15,20000,0.0441,0,0,0,4,5,17876.22,3575.24,3,17,1,1,1,upgrade,0.249,1
562.64,75000,0.0075,1,1,1,0,2,1212.76,606.38,2,4,0,0,0,discount,0.116,0
11190.26,20000,0.5595,1,1,0,4,1,3551.15,3551.15,2,2,1,0,1,looks_cool,0.409,1
3401.42,20000,0.1701,0,0,0,30,5,14709.98,2942.0,3,11,0,0,0,replacement,0.396,0
4765.29,75000,0.0635,1,1,0,4,6,6585.86,1097.64,1,6,0,0,1,genuine_need,0.482,1
1526.04,20000,0.0763,0,0,0,30,3,1769.65,589.88,1,22,0,0,1,replacement,0.285,0
1948.14,35000,0.0557,1,1,0,1,2,2819.49,1409.74,0,17,1,0,0,looks_cool,0.207,1
1146.39,20000,0.0573,1,1,1,4,2,7410.41,3705.2,0,4,1,1,1,discount,0.368,1
556.98,20000,0.0278,0,0,0,15,4,11353.86,2838.46,2,1,1,0,1,upgrade,0.129,1
890.45,100000,0.0089,1,0,0,4,5,18590.71,3718.14,1,4,1,0,0,looks_cool,0.108,0
5789.8,20000,0.2895,1,1,0,1,4,8246.11,2061.53,3,11,1,1,1,replacement,0.271,1
4161.28,50000,0.0832,0,0,0,4,7,26447.36,3778.19,0,1,0,1,0,replacement,0.573,1
2970.97,20000,0.1485,1,1,1,15,2,4240.72,2120.36,2,13,0,1,1,discount,0.415,1
2455.85,20000,0.1228,0,0,1,15,3,3644.67,1214.89,6,14,1,0,0,social_media,0.444,1
9148.2,10000,0.9148,1,1,0,15,4,4119.51,1029.88,2,3,0,0,0,replacement,0.089,1
464.31,35000,0.0133,1,1,0,15,2,7956.68,3978.34,1,11,0,1,1,replacement,0.354,0
1352.69,20000,0.0676,0,0,1,15,2,3337.04,1668.52,2,12,0,0,0,upgrade,0.231,0
1707.41,50000,0.0341,0,0,0,1,3,3180.56,1060.19,2,8,0,1,0,genuine_need,0.223,1
5538.25,20000,0.2769,1,0,0,4,1,529.43,529.43,1,37,0,0,1,social_media,0.154,1
17331.81,75000,0.2311,0,0,0,15,2,2998.99,1499.5,0,2,1,1,1,discount,0.406,1
1163.62,20000,0.0582,0,0,0,30,3,10835.72,3611.91,0,7,0,0,1,upgrade,0.538,1
7458.7,50000,0.1492,0,0,0,1,3,7107.1,2369.03,2,26,1,0,1,looks_cool,0.464,1
6414.69,50000,0.1283,0,0,0,4,4,10854.09,2713.52,1,6,0,1,1,social_media,0.08,1
1090.58,50000,0.0218,0,0,1,4,6,22370.21,3728.37,2,7,0,1,0,genuine_need,0.31,0
1984.0,50000,0.0397,0,0,0,1,2,4589.88,2294.94,0,14,1,0,0,upgrade,0.486,1
2044.77,50000,0.0409,0,0,0,4,5,17169.9,3433.98,0,14,0,0,0,replacement,0.011,1
13593.78,35000,0.3884,1,0,0,15,2,3266.83,1633.42,0,1,1,1,1,social_media,0.047,1
898.39,10000,0.0898,0,0,0,0,2,7839.71,3919.86,2,8,1,0,0,social_media,0.028,1
5818.33,10000,0.5818,0,0,0,15,3,2327.55,775.85,2,5,1,0,1,upgrade,0.105,1
1623.64,75000,0.0216,0,0,1,30,4,12147.61,3036.9,1,12,0,0,0,looks_cool,0.203,0
4793.97,35000,0.137,1,1,0,30,3,8435.95,2811.98,0,10,1,1,1,upgrade,0.094,1
2106.61,50000,0.0421,0,0,1,1,4,4683.4,1170.85,1,13,0,0,1,social_media,0.179,0
3222.61,20000,0.1611,0,0,0,4,4,7443.82,1860.96,1,13,0,1,0,genuine_need,0.193,0
6456.04,10000,0.6456,0,0,1,4,5,7974.51,1594.9,2,4,0,0,0,genuine_need,0.302,0
5906.7,10000,0.5907,1,0,0,4,3,2492.18,830.73,3,4,0,0,1,social_media,0.298,1
7245.77,35000,0.207,1,1,0,4,2,5093.52,2546.76,1,6,1,0,1,genuine_need,0.185,0
415.14,20000,0.0208,1,1,1,15,5,19889.22,3977.84,1,4,1,0,1,discount,0.193,0
4322.37,20000,0.2161,1,1,0,0,4,9834.23,2458.56,0,14,1,0,0,social_media,0.583,1
727.83,20000,0.0364,1,1,1,30,1,2408.41,2408.41,2,12,0,0,1,discount,0.175,0
2081.4,10000,0.2081,0,0,0,30,0,0.0,1500.0,0,3,0,0,1,social_media,0.385,1
2983.82,35000,0.0853,1,1,1,15,3,2961.81,987.27,1,26,1,0,0,upgrade,0.605,0
2003.91,20000,0.1002,0,0,1,15,5,11481.33,2296.27,1,8,0,0,0,looks_cool,0.427,0
2766.06,50000,0.0553,1,1,1,4,4,15792.5,3948.12,0,2,1,0,1,discount,0.216,1
20018.88,20000,1.0009,1,1,0,15,9,32113.14,3568.13,3,3,0,0,0,upgrade,0.246,1
708.47,20000,0.0354,0,0,0,4,1,1690.73,1690.73,0,10,0,0,1,upgrade,0.299,1
4138.67,10000,0.4139,0,0,1,30,2,4801.03,2400.52,1,5,0,1,1,looks_cool,0.073,1
1964.64,10000,0.1965,0,0,1,1,3,7303.37,2434.46,5,23,1,0,0,replacement,0.21,0
699.55,20000,0.035,1,1,1,4,7,20291.34,2898.76,2,9,0,0,1,discount,0.272,1
804.98,20000,0.0402,1,0,0,4,4,11628.95,2907.24,2,30,1,0,0,replacement,0.251,0
10634.55,35000,0.3038,1,1,1,4,6,19585.64,3264.27,2,2,0,0,0,genuine_need,0.329,1
7609.32,20000,0.3805,0,0,0,4,3,1762.2,587.4,3,14,1,0,1,boredom,0.281,1
8514.62,35000,0.2433,1,1,0,4,4,15211.52,3802.88,1,27,1,0,1,genuine_need,0.177,0
16900.43,50000,0.338,1,1,0,30,2,1490.43,745.22,0,5,0,0,0,discount,0.396,1
1017.57,50000,0.0204,1,1,0,4,1,2166.56,2166.56,3,2,1,1,0,upgrade,0.328,1
1737.15,10000,0.1737,0,0,1,4,1,3718.53,3718.53,1,8,1,1,0,looks_cool,0.178,1
4072.05,20000,0.2036,0,0,0,1,2,4413.68,2206.84,2,40,0,1,1,social_media,0.511,1
2514.43,10000,0.2514,1,1,1,4,1,722.73,722.73,3,13,0,0,1,genuine_need,0.411,0
2096.84,20000,0.1048,1,1,0,4,3,3907.02,1302.34,1,13,1,1,1,upgrade,0.246,1
1750.06,100000,0.0175,1,1,0,15,1,2525.33,2525.33,1,14,1,0,1,genuine_need,0.123,0
3353.02,10000,0.3353,0,0,0,1,2,1615.03,807.52,1,1,1,1,0,upgrade,0.61,1
3199.72,20000,0.16,0,0,0,1,2,3965.75,1982.88,0,8,0,0,1,social_media,0.443,1
816.32,35000,0.0233,1,1,0,4,2,3303.65,1651.82,3,1,0,0,0,replacement,0.253,0
2433.58,35000,0.0695,0,0,1,4,5,16766.13,3353.23,0,5,1,0,0,social_media,0.151,1
3021.88,35000,0.0863,1,1,1,4,2,1770.92,885.46,1,21,0,1,1,genuine_need,0.436,0
3156.23,10000,0.3156,0,0,0,15,5,14448.97,2889.79,2,13,0,1,0,genuine_need,0.161,1
1025.5,20000,0.0513,0,0,0,4,5,9615.31,1923.06,2,66,0,0,0,genuine_need,0.269,0
4945.47,35000,0.1413,1,1,0,4,3,7671.38,2557.13,2,3,1,1,0,replacement,0.291,1
289.33,10000,0.0289,1,1,1,15,4,4877.44,1219.36,1,7,1,1,0,upgrade,0.315,0
1733.86,20000,0.0867,0,0,0,1,2,5267.93,2633.96,1,20,0,0,0,genuine_need,0.371,0
5502.83,10000,0.5503,0,0,0,15,0,0.0,1500.0,3,3,0,0,0,boredom,0.143,1
3104.54,10000,0.3105,1,1,0,4,1,745.81,745.81,3,3,0,1,0,boredom,0.112,1
1259.37,20000,0.063,0,0,1,4,5,16926.02,3385.2,3,7,0,0,0,upgrade,0.294,0
4355.51,10000,0.4356,1,1,0,30,5,17571.95,3514.39,1,6,0,1,0,discount,0.271,1
3132.72,35000,0.0895,0,0,0,1,5,3612.2,722.44,1,48,1,0,0,boredom,0.401,1
5767.91,35000,0.1648,1,1,1,30,2,5222.31,2611.16,1,8,0,1,1,social_media,0.447,1
4848.42,50000,0.097,1,1,1,4,10,25790.4,2579.04,3,24,0,1,0,genuine_need,0.279,0
3496.6,20000,0.1748,1,1,1,15,0,0.0,1500.0,3,27,0,0,1,social_media,0.383,0
2544.22,20000,0.1272,0,0,0,30,4,6792.85,1698.21,1,3,0,0,0,replacement,0.243,0
700.24,10000,0.07,1,1,1,30,1,3891.24,3891.24,3,16,1,0,0,upgrade,0.098,0
1260.18,35000,0.036,0,0,1,15,3,7332.23,2444.08,4,4,1,0,0,discount,0.23,0
2101.12,35000,0.06,0,0,1,15,3,11298.72,3766.24,3,2,1,0,0,social_media,0.393,0
3400.89,10000,0.3401,1,1,1,4,4,11459.02,2864.76,2,25,0,1,0,genuine_need,0.033,0
2723.31,75000,0.0363,1,1,1,4,1,599.37,599.37,1,5,0,1,0,genuine_need,0.044,0
1389.78,10000,0.139,1,0,0,1,0,0.0,1500.0,1,6,1,1,0,looks_cool,0.478,1
222.7,35000,0.0064,0,0,0,1,4,12110.51,3027.63,2,5,1,0,1,looks_cool,0.153,1
2599.79,35000,0.0743,0,0,1,30,3,7322.96,2440.99,1,3,1,1,0,upgrade,0.396,0
1377.22,50000,0.0275,0,0,0,1,5,4725.15,945.03,1,7,1,0,0,discount,0.367,1
4842.92,35000,0.1384,1,1,0,1,4,10596.88,2649.22,2,7,1,0,1,social_media,0.412,1
284.83,50000,0.0057,1,1,0,15,2,6672.01,3336.0,1,7,0,0,0,upgrade,0.144,0
3276.72,20000,0.1638,0,0,1,0,4,12541.75,3135.44,1,30,1,1,0,replacement,0.173,0
10134.01,50000,0.2027,1,1,0,4,0,0.0,1500.0,2,5,0,0,0,upgrade,0.692,1
870.8,10000,0.0871,0,0,1,4,1,1403.68,1403.68,2,1,1,1,0,boredom,0.231,1
2432.98,50000,0.0487,0,0,1,4,4,15549.73,3887.43,0,3,0,0,0,looks_cool,0.507,1
535.56,35000,0.0153,0,0,0,15,0,0.0,1500.0,2,16,0,0,1,upgrade,0.307,0
3639.27,50000,0.0728,0,0,0,4,6,9685.08,1614.18,1,11,1,0,1,replacement,0.276,0
2998.91,20000,0.1499,0,0,0,4,4,13536.76,3384.19,1,37,0,0,0,looks_cool,0.228,1
2031.12,35000,0.058,1,1,0,15,6,6396.51,1066.08,0,15,1,0,0,discount,0.237,1
2778.95,35000,0.0794,0,0,0,4,4,4755.78,1188.94,2,3,0,0,0,upgrade,0.585,0
8141.17,35000,0.2326,1,1,0,15,4,4536.74,1134.18,4,2,0,0,0,genuine_need,0.22,0
964.83,10000,0.0965,0,0,1,30,0,0.0,1500.0,0,9,0,0,1,social_media,0.22,0
279.88,10000,0.028,1,1,0,4,2,6982.75,3491.38,0,14,1,1,0,replacement,0.214,0
7123.27,20000,0.3562,1,1,1,4,3,7577.47,2525.82,1,3,1,0,0,discount,0.205,1
3212.31,20000,0.1606,1,1,0,0,1,1406.35,1406.35,1,12,0,0,0,discount,0.292,1
7946.48,50000,0.1589,0,0,1,15,2,6940.59,3470.3,1,25,1,1,1,discount,0.304,0
3380.39,20000,0.169,1,1,0,0,3,9927.79,3309.26,2,16,0,0,0,discount,0.301,1
6015.53,100000,0.0602,1,0,1,4,2,1706.66,853.33,3,14,1,1,1,discount,0.447,0
2165.41,20000,0.1083,0,0,1,30,3,8263.46,2754.49,2,19,1,1,1,genuine_need,0.137,0
5050.07,20000,0.2525,0,0,1,4,1,3026.42,3026.42,0,2,1,0,0,discount,0.092,0
8748.13,50000,0.175,0,0,0,4,4,12021.58,3005.4,2,3,0,1,0,genuine_need,0.38,1
3171.22,35000,0.0906,1,1,1,15,2,6062.0,3031.0,1,1,0,1,0,upgrade,0.178,0
897.93,20000,0.0449,0,0,0,4,1,1093.1,1093.1,1,2,1,1,0,upgrade,0.16,1
1295.73,35000,0.037,0,0,0,15,4,6411.21,1602.8,0,30,1,0,1,discount,0.055,1
975.08,35000,0.0279,0,0,0,15,1,3454.62,3454.62,2,4,1,1,1,social_media,0.215,1
1192.25,20000,0.0596,0,0,0,1,6,21866.23,3644.37,1,14,1,0,0,social_media,0.258,1
1480.59,100000,0.0148,1,0,0,30,3,4431.48,1477.16,1,15,0,0,0,genuine_need,0.529,0
3034.94,100000,0.0303,0,0,1,1,3,1741.7,580.57,2,13,0,0,1,upgrade,0.166,0
3303.49,35000,0.0944,1,1,0,30,5,17545.92,3509.18,1,10,0,0,1,replacement,0.395,0
2145.99,20000,0.1073,1,0,0,0,3,5459.46,1819.82,0,8,0,1,1,upgrade,0.127,1
3544.62,35000,0.1013,0,0,0,4,5,8265.61,1653.12,1,7,0,1,1,discount,0.076,1
497.83,10000,0.0498,1,1,1,1,2,3429.0,1714.5,0,30,0,1,0,genuine_need,0.273,0
521.59,10000,0.0522,0,0,0,0,3,5864.81,1954.94,1,1,0,0,0,upgrade,0.081,0
859.88,20000,0.043,1,1,0,15,6,10943.6,1823.93,4,1,0,1,0,looks_cool,0.422,1
2754.9,20000,0.1377,0,0,1,15,6,14895.05,2482.51,1,9,1,0,1,social_media,0.501,1
1042.77,50000,0.0209,1,1,0,15,3,2328.87,776.29,2,5,0,0,0,social_media,0.349,1
1365.77,35000,0.039,0,0,0,4,3,11701.17,3900.39,2,7,1,1,1,looks_cool,0.387,1
1989.72,35000,0.0568,0,0,0,4,3,11332.74,3777.58,1,74,0,0,1,upgrade,0.279,0
6047.11,20000,0.3024,1,1,1,15,1,3770.42,3770.42,0,18,1,0,0,social_media,0.247,1
248.86,20000,0.0124,0,0,1,4,5,17887.36,3577.47,0,26,1,1,1,genuine_need,0.152,0
3868.17,20000,0.1934,1,0,0,15,3,8433.43,2811.14,3,6,1,1,0,genuine_need,0.424,1
4068.42,100000,0.0407,0,0,0,15,4,5095.52,1273.88,1,4,0,1,0,replacement,0.351,0
5809.59,10000,0.581,1,0,0,1,1,673.19,673.19,3,18,0,0,1,genuine_need,0.634,1
9647.84,50000,0.193,0,0,1,15,3,2542.87,847.62,1,20,0,0,1,upgrade,0.449,0
271.2,35000,0.0077,1,0,1,15,5,8169.87,1633.97,0,10,1,0,1,genuine_need,0.066,0
784.43,20000,0.0392,0,0,0,15,3,6790.77,2263.59,2,28,1,1,1,boredom,0.425,1
7805.71,35000,0.223,0,0,0,1,1,3976.39,3976.39,2,42,1,0,1,looks_cool,0.43,1
2347.06,20000,0.1174,0,0,1,4,3,6072.16,2024.05,2,8,0,0,0,boredom,0.057,0
3110.14,50000,0.0622,1,0,1,4,3,7008.78,2336.26,1,4,0,0,1,social_media,0.203,0
4007.14,75000,0.0534,0,0,1,4,4,11732.2,2933.05,1,9,0,1,0,boredom,0.244,1
4177.83,20000,0.2089,1,1,1,1,2,2265.14,1132.57,2,55,0,0,0,upgrade,0.187,0
9595.53,20000,0.4798,1,1,1,30,6,22589.37,3764.9,0,5,0,0,1,upgrade,0.591,1
20473.48,35000,0.585,0,0,0,15,2,4703.24,2351.62,2,12,1,1,1,replacement,0.402,1
4657.35,75000,0.0621,1,1,0,4,4,5867.59,1466.9,3,15,1,0,0,discount,0.462,1
1385.04,20000,0.0693,0,0,0,1,2,7545.76,3772.88,1,3,0,0,0,social_media,0.108,1
7613.71,35000,0.2175,0,0,1,30,7,18823.54,2689.08,5,11,1,1,1,upgrade,0.148,1
376.66,35000,0.0108,1,1,0,1,7,15350.4,2192.91,2,5,0,1,0,replacement,0.625,1
1119.69,35000,0.032,1,0,0,15,2,5061.09,2530.54,4,24,0,0,1,upgrade,0.436,0
8168.72,10000,0.8169,1,1,0,30,5,15595.29,3119.06,2,16,1,1,1,genuine_need,0.157,1
1235.9,35000,0.0353,0,0,0,15,3,3122.65,1040.88,1,21,1,1,1,social_media,0.156,1
1072.54,75000,0.0143,0,0,1,30,3,10580.72,3526.91,3,3,1,0,0,upgrade,0.207,0
720.26,20000,0.036,0,0,0,15,1,3858.27,3858.27,1,1,0,1,0,looks_cool,0.285,1
7059.26,20000,0.353,1,1,0,1,2,4969.0,2484.5,1,23,1,1,0,boredom,0.521,1
2626.42,100000,0.0263,0,0,1,1,4,11551.79,2887.95,5,6,1,1,1,genuine_need,0.13,0
4132.61,20000,0.2066,1,0,0,4,5,17547.09,3509.42,1,3,0,0,0,boredom,0.376,1
1156.23,50000,0.0231,0,0,1,0,2,3623.67,1811.84,0,2,1,1,1,boredom,0.162,1
5166.45,20000,0.2583,0,0,1,15,2,7949.82,3974.91,2,9,1,0,1,discount,0.297,1
5194.99,20000,0.2597,0,0,1,4,0,0.0,1500.0,2,2,1,1,0,looks_cool,0.228,1
1511.93,50000,0.0302,0,0,1,30,5,9919.98,1984.0,0,11,1,0,1,genuine_need,0.321,0
2050.77,20000,0.1025,0,0,0,4,2,5741.37,2870.68,1,16,0,0,0,boredom,0.105,1
1023.66,35000,0.0292,1,1,0,4,2,4651.76,2325.88,0,10,0,1,0,upgrade,0.168,1
13336.74,20000,0.6668,1,1,0,30,4,3562.98,890.74,2,29,1,0,0,looks_cool,0.21,1
3830.68,35000,0.1094,0,0,0,1,6,19713.17,3285.53,2,3,0,0,0,upgrade,0.252,1
9742.31,20000,0.4871,0,0,0,15,1,2475.31,2475.31,1,9,1,1,1,social_media,0.239,1
1465.33,20000,0.0733,0,0,0,15,2,6570.92,3285.46,2,3,0,1,1,upgrade,0.105,0
5529.66,75000,0.0737,1,0,1,1,1,1042.19,1042.19,1,26,0,0,1,upgrade,0.166,0
5281.41,20000,0.2641,0,0,0,4,2,4768.5,2384.25,1,33,0,0,1,boredom,0.304,1
4317.88,35000,0.1234,1,1,0,4,2,6366.37,3183.18,2,7,1,0,1,discount,0.077,1
11997.91,20000,0.5999,0,0,0,15,1,3959.07,3959.07,2,5,1,0,1,looks_cool,0.298,1
1950.5,50000,0.039,0,0,0,15,4,14381.56,3595.39,2,4,0,0,1,discount,0.254,1
690.3,10000,0.069,1,1,1,4,2,7050.45,3525.22,1,24,1,0,0,looks_cool,0.412,1
4098.49,75000,0.0546,0,0,0,15,2,2732.22,1366.11,2,14,0,0,1,social_media,0.222,1
4773.73,20000,0.2387,1,1,1,1,0,0.0,1500.0,0,26,1,1,1,genuine_need,0.734,0
3195.33,20000,0.1598,0,0,0,15,2,2184.97,1092.48,0,2,1,1,0,social_media,0.201,1
1010.96,10000,0.1011,0,0,0,30,4,4773.51,1193.38,2,8,0,0,0,genuine_need,0.446,0
2657.35,20000,0.1329,0,0,0,30,3,2656.23,885.41,3,14,0,0,1,looks_cool,0.648,1
1509.85,35000,0.0431,1,1,1,15,1,3501.59,3501.59,1,28,0,1,1,replacement,0.568,1
2151.89,20000,0.1076,1,0,0,4,7,6152.24,878.89,1,6,1,1,0,discount,0.324,1
3826.89,50000,0.0765,0,0,0,30,2,1966.78,983.39,2,5,1,0,0,social_media,0.32,0
4985.67,20000,0.2493,1,0,0,4,3,4081.82,1360.61,0,30,1,0,0,discount,0.363,1
1124.9,20000,0.0562,0,0,1,15,3,7512.96,2504.32,1,1,0,1,0,discount,0.319,0
2019.09,35000,0.0577,0,0,1,1,5,17903.15,3580.63,1,8,0,1,0,looks_cool,0.083,0
1297.47,35000,0.0371,0,0,0,30,1,1963.8,1963.8,3,8,0,1,0,upgrade,0.491,1
975.02,20000,0.0488,0,0,0,15,3,7236.0,2412.0,2,2,1,1,0,discount,0.314,1
5553.75,20000,0.2777,0,0,1,15,1,1082.71,1082.71,4,7,0,0,0,genuine_need,0.362,0
8598.87,10000,0.8599,1,1,1,1,3,4292.43,1430.81,2,16,0,0,1,upgrade,0.243,1
1818.41,35000,0.052,0,0,1,15,3,2906.22,968.74,1,6,0,1,0,genuine_need,0.184,0
5069.98,35000,0.1449,0,0,1,15,5,9673.58,1934.72,3,5,1,0,1,discount,0.231,1
8155.43,20000,0.4078,0,0,1,15,5,12830.87,2566.17,2,19,1,0,1,replacement,0.211,0
6750.63,50000,0.135,1,1,0,4,2,2988.14,1494.07,2,54,0,0,1,looks_cool,0.136,1
906.61,50000,0.0181,1,0,1,4,1,3460.99,3460.99,1,19,0,1,0,replacement,0.383,0
11155.77,35000,0.3187,0,0,1,1,2,7868.67,3934.34,2,23,1,1,0,replacement,0.063,0
1854.41,50000,0.0371,0,0,0,4,1,920.54,920.54,1,34,1,0,1,upgrade,0.127,0
1650.28,20000,0.0825,0,0,0,1,4,2250.04,562.51,2,20,0,1,1,genuine_need,0.551,1
425.63,10000,0.0426,0,0,1,4,5,16321.1,3264.22,0,48,0,0,1,replacement,0.075,0
2530.54,20000,0.1265,0,0,0,1,5,5836.25,1167.25,3,17,1,0,0,social_media,0.127,1
603.99,10000,0.0604,0,0,1,1,0,0.0,1500.0,0,13,1,0,0,upgrade,0.088,0
1200.08,35000,0.0343,0,0,0,1,5,9399.05,1879.81,1,15,0,1,0,replacement,0.562,0
1534.12,75000,0.0205,0,0,0,30,1,3708.1,3708.1,3,28,0,0,0,genuine_need,0.154,0
5991.01,10000,0.5991,0,0,0,4,2,5611.87,2805.94,1,14,1,0,0,upgrade,0.2,1
7491.75,10000,0.7492,1,0,0,4,2,1284.27,642.14,4,18,1,0,0,social_media,0.49,1
1460.72,20000,0.073,1,1,0,4,0,0.0,1500.0,3,3,0,0,0,upgrade,0.261,1
7049.0,75000,0.094,1,0,0,15,3,3595.47,1198.49,1,30,1,1,1,replacement,0.377,0
7012.84,20000,0.3506,0,0,1,30,1,1613.6,1613.6,2,8,1,0,1,upgrade,0.174,0
5263.4,35000,0.1504,0,0,1,1,4,8783.33,2195.83,2,3,0,0,0,boredom,0.121,1
755.23,10000,0.0755,0,0,0,4,3,10297.31,3432.44,3,20,1,0,1,upgrade,0.39,1
4302.79,10000,0.4303,1,1,0,30,3,4805.59,1601.86,2,6,1,0,1,replacement,0.108,1
10353.01,100000,0.1035,0,0,0,4,5,9089.4,1817.88,1,3,1,0,0,discount,0.296,1
4215.92,75000,0.0562,1,1,0,0,3,4958.05,1652.68,2,4,0,0,0,social_media,0.747,1
1610.13,10000,0.161,1,1,0,1,4,2125.51,531.38,1,1,1,0,0,genuine_need,0.314,0
2630.07,75000,0.0351,0,0,0,0,1,3843.21,3843.21,2,2,1,0,1,discount,0.251,1
3831.89,35000,0.1095,1,0,0,30,1,986.49,986.49,1,11,1,0,0,looks_cool,0.209,0
2700.8,50000,0.054,0,0,0,4,4,6027.34,1506.84,3,25,1,0,0,replacement,0.392,0
647.23,20000,0.0324,0,0,0,30,2,1905.12,952.56,2,8,0,1,0,boredom,0.331,0
1509.21,35000,0.0431,0,0,1,30,3,6650.7,2216.9,2,12,0,0,1,discount,0.539,1
5875.22,20000,0.2938,0,0,0,4,1,3762.58,3762.58,0,20,0,1,0,upgrade,0.407,1
7117.03,35000,0.2033,1,1,1,0,3,2557.36,852.45,0,6,1,1,0,boredom,0.548,1
716.91,10000,0.0717,0,0,1,1,4,8172.56,2043.14,1,13,1,0,0,genuine_need,0.562,0
10856.25,10000,1.0856,0,0,1,4,2,1156.62,578.31,1,6,1,1,0,social_media,0.333,1
1595.53,20000,0.0798,1,1,1,4,4,12792.58,3198.14,1,13,1,1,0,social_media,0.116,1
3999.73,35000,0.1143,1,1,0,15,9,24698.62,2744.29,3,3,1,1,0,upgrade,0.183,1
5077.68,20000,0.2539,0,0,0,4,4,11795.78,2948.94,1,46,1,1,0,genuine_need,0.169,1
6048.6,35000,0.1728,1,0,0,30,2,4306.35,2153.18,0,1,0,0,0,upgrade,0.356,0
10399.51,75000,0.1387,1,1,1,4,5,18383.58,3676.72,0,9,0,0,0,genuine_need,0.198,0
1513.56,10000,0.1514,0,0,1,15,0,0.0,1500.0,0,5,0,0,0,discount,0.144,0
7044.25,35000,0.2013,0,0,1,30,2,4598.6,2299.3,1,12,1,0,0,social_media,0.483,0
694.21,20000,0.0347,0,0,0,1,2,5867.02,2933.51,0,7,0,0,0,discount,0.256,0
4473.22,50000,0.0895,1,1,1,1,4,9287.85,2321.96,3,5,1,1,0,discount,0.291,1
4941.48,20000,0.2471,1,1,0,1,1,1162.67,1162.67,5,4,1,0,0,genuine_need,0.283,1
4163.21,35000,0.1189,1,1,0,1,3,4829.24,1609.75,0,3,1,0,0,genuine_need,0.457,0
1217.71,50000,0.0244,0,0,1,4,7,5761.21,823.03,0,19,1,0,1,looks_cool,0.381,1
7423.68,75000,0.099,0,0,0,4,1,2014.15,2014.15,1,4,1,0,1,genuine_need,0.093,0
847.34,35000,0.0242,0,0,1,4,3,7898.62,2632.87,0,18,1,0,0,replacement,0.507,0
392.94,20000,0.0196,0,0,0,30,3,2744.56,914.85,1,8,1,1,0,boredom,0.179,1
4623.83,35000,0.1321,1,1,1,1,3,8121.16,2707.05,2,1,0,1,1,upgrade,0.176,1
2458.42,50000,0.0492,1,1,0,4,1,3625.05,3625.05,0,3,1,0,0,discount,0.288,1
6818.94,35000,0.1948,0,0,1,1,1,1682.03,1682.03,3,27,1,0,1,replacement,0.634,1
1892.36,10000,0.1892,0,0,1,4,2,2554.23,1277.12,1,12,1,1,1,replacement,0.502,0
844.9,75000,0.0113,0,0,1,4,7,25378.65,3625.52,2,3,1,1,1,upgrade,0.19,1
6537.06,35000,0.1868,0,0,0,30,5,14609.04,2921.81,2,15,0,1,0,discount,0.058,1
2986.31,35000,0.0853,0,0,1,4,5,4344.41,868.88,3,21,1,1,0,boredom,0.438,1
934.05,20000,0.0467,0,0,0,1,2,3856.78,1928.39,3,5,0,0,0,discount,0.287,1
4660.18,35000,0.1331,0,0,0,4,8,22874.51,2859.31,2,10,0,1,1,genuine_need,0.087,1
2704.69,20000,0.1352,0,0,0,1,5,12551.72,2510.34,0,5,0,0,0,upgrade,0.594,1
3444.96,35000,0.0984,0,0,1,1,4,10659.66,2664.92,2,2,1,1,0,replacement,0.223,0
2362.48,10000,0.2362,0,0,0,15,3,7454.92,2484.97,2,7,1,1,0,replacement,0.319,1
6375.37,35000,0.1822,1,0,1,1,5,16466.07,3293.21,2,17,0,1,1,upgrade,0.14,0
6392.86,100000,0.0639,0,0,1,4,2,3242.99,1621.5,1,8,0,0,0,replacement,0.45,0
4525.19,10000,0.4525,1,1,0,15,4,11918.47,2979.62,1,7,0,1,1,replacement,0.298,1
589.83,100000,0.0059,0,0,1,4,0,0.0,1500.0,2,6,0,1,1,boredom,0.25,1
6589.05,20000,0.3295,0,0,0,0,2,3729.71,1864.86,2,8,0,0,0,discount,0.078,1
4091.08,50000,0.0818,0,0,1,30,3,9806.01,3268.67,1,5,1,1,0,replacement,0.362,0
4379.36,50000,0.0876,0,0,0,4,7,9529.68,1361.38,2,12,0,1,1,replacement,0.447,1
1778.36,35000,0.0508,1,1,0,15,5,7433.19,1486.64,3,1,0,1,0,social_media,0.103,1
7599.97,35000,0.2171,0,0,0,4,5,18860.12,3772.02,1,20,0,0,1,looks_cool,0.083,1
4723.18,50000,0.0945,1,1,0,4,3,1772.35,590.78,3,3,0,1,1,discount,0.359,1
618.07,20000,0.0309,1,1,0,4,1,1261.0,1261.0,2,13,0,0,1,upgrade,0.109,1
2033.56,20000,0.1017,0,0,0,4,2,4380.44,2190.22,0,8,1,1,1,social_media,0.365,1
7812.15,35000,0.2232,0,0,0,0,2,3812.93,1906.46,1,18,1,1,0,boredom,0.186,1
369.21,50000,0.0074,1,1,0,4,5,13510.47,2702.09,1,21,1,1,1,genuine_need,0.117,1
11592.27,50000,0.2318,0,0,0,30,1,1174.53,1174.53,2,3,0,1,0,looks_cool,0.562,1
4178.87,50000,0.0836,1,1,1,15,3,2240.74,746.91,2,14,0,0,1,looks_cool,0.485,0
3692.92,20000,0.1846,0,0,0,1,2,3585.33,1792.66,3,3,0,1,0,upgrade,0.215,0
1304.17,50000,0.0261,0,0,1,4,2,4670.49,2335.24,1,2,1,1,1,replacement,0.024,0
1201.25,10000,0.1201,0,0,1,30,3,7401.02,2467.01,1,32,1,0,1,discount,0.319,0
10169.11,35000,0.2905,0,0,1,15,5,13026.14,2605.23,2,3,1,0,1,replacement,0.51,0
1439.74,10000,0.144,1,1,1,1,3,7260.95,2420.32,0,4,1,0,0,genuine_need,0.192,0
5428.66,20000,0.2714,0,0,0,30,1,1360.13,1360.13,2,2,1,0,0,boredom,0.086,1
1948.0,20000,0.0974,1,1,1,4,3,9527.77,3175.92,3,8,1,0,0,upgrade,0.452,0
724.85,20000,0.0362,0,0,0,4,1,807.23,807.23,4,31,1,0,1,upgrade,0.451,0
237.71,35000,0.0068,0,0,1,4,3,3582.72,1194.24,1,4,0,1,1,genuine_need,0.29,0
2950.39,20000,0.1475,0,0,1,30,2,6175.65,3087.82,1,10,0,0,0,upgrade,0.145,0
13221.85,20000,0.6611,0,0,0,30,5,7395.21,1479.04,1,7,1,1,1,social_media,0.244,1
1812.33,20000,0.0906,0,0,1,30,4,8908.63,2227.16,2,5,1,1,0,replacement,0.101,0
1746.68,20000,0.0873,0,0,0,0,5,8225.96,1645.19,1,11,0,1,1,upgrade,0.299,1
1676.07,20000,0.0838,1,1,0,30,1,2274.43,2274.43,3,10,0,0,0,genuine_need,0.136,0
2772.86,10000,0.2773,0,0,0,1,1,1713.3,1713.3,3,6,1,0,0,upgrade,0.239,1
2233.52,35000,0.0638,0,0,1,4,1,3979.73,3979.73,0,23,1,0,1,looks_cool,0.089,0
7618.43,35000,0.2177,1,1,1,4,2,3502.34,1751.17,0,1,1,1,1,replacement,0.29,1
2664.88,35000,0.0761,1,1,1,4,2,5389.35,2694.68,1,2,1,0,0,genuine_need,0.306,0
2680.75,20000,0.134,0,0,0,15,1,3609.2,3609.2,0,57,1,0,0,discount,0.056,0
721.26,20000,0.0361,0,0,0,4,1,2732.77,2732.77,1,17,1,0,1,discount,0.686,1
14407.68,50000,0.2882,1,0,1,30,4,9922.0,2480.5,3,20,0,0,1,replacement,0.19,0
1206.76,35000,0.0345,1,1,0,1,6,14953.82,2492.3,1,12,1,1,1,discount,0.177,1
466.68,20000,0.0233,0,0,1,4,3,6712.84,2237.61,1,7,0,0,0,genuine_need,0.243,0
4008.37,10000,0.4008,0,0,0,30,1,3326.53,3326.53,3,12,1,1,1,replacement,0.395,1
3366.71,20000,0.1683,1,1,0,1,6,4058.91,676.48,1,2,0,0,1,genuine_need,0.417,0
2077.37,20000,0.1039,0,0,0,15,2,7195.91,3597.96,3,18,0,1,0,replacement,0.188,0
2119.8,20000,0.106,1,1,1,15,3,7656.07,2552.02,2,10,0,0,0,upgrade,0.155,0
5580.95,35000,0.1595,0,0,0,4,7,24297.39,3471.06,2,38,1,1,1,upgrade,0.419,1
962.3,35000,0.0275,1,1,0,15,3,1609.12,536.37,1,13,1,0,0,genuine_need,0.393,0
6206.72,35000,0.1773,0,0,0,1,5,17712.34,3542.47,2,2,1,1,0,genuine_need,0.109,1
3861.87,50000,0.0772,0,0,0,30,4,3681.93,920.48,1,8,0,0,0,discount,0.362,0
2100.33,50000,0.042,1,1,0,1,4,12097.05,3024.26,4,1,1,0,1,upgrade,0.488,1
2343.9,35000,0.067,0,0,0,4,4,7831.3,1957.82,3,17,1,0,0,genuine_need,0.151,0
1238.05,75000,0.0165,0,0,1,1,6,17302.52,2883.75,0,9,1,0,1,replacement,0.345,0
5081.76,10000,0.5082,0,0,0,4,3,8095.99,2698.66,3,6,1,0,0,social_media,0.217,1
2717.32,20000,0.1359,0,0,1,15,3,3215.66,1071.89,2,42,0,1,0,genuine_need,0.222,0
1554.22,10000,0.1554,0,0,1,30,4,9204.59,2301.15,3,34,1,0,1,upgrade,0.06,0
3372.63,35000,0.0964,1,0,0,15,7,10292.15,1470.31,1,37,1,0,1,upgrade,0.113,0
19300.15,50000,0.386,0,0,0,4,2,4923.06,2461.53,1,3,0,0,0,social_media,0.234,1
2199.88,20000,0.11,0,0,1,30,1,3083.01,3083.01,1,16,0,0,1,social_media,0.519,0
9070.43,75000,0.1209,0,0,0,4,2,1568.81,784.4,3,35,1,0,1,discount,0.514,1
1681.01,10000,0.1681,1,1,0,4,3,6915.51,2305.17,0,11,1,0,1,upgrade,0.451,1
397.01,75000,0.0053,1,1,0,4,2,5323.41,2661.7,1,3,0,0,1,discount,0.339,1
999.61,20000,0.05,0,0,1,4,3,4601.36,1533.79,0,21,0,0,0,discount,0.52,0
2098.68,10000,0.2099,0,0,0,30,4,15342.05,3835.51,2,26,1,0,0,replacement,0.253,0
1067.98,20000,0.0534,1,1,1,1,0,0.0,1500.0,2,15,0,0,1,looks_cool,0.533,1
200.79,20000,0.01,0,0,1,4,5,5694.05,1138.81,1,5,0,1,0,boredom,0.301,1
8827.93,20000,0.4414,1,0,0,15,0,0.0,1500.0,1,3,1,1,1,replacement,0.284,1
6699.94,20000,0.335,1,1,0,30,5,11979.04,2395.81,0,12,1,1,0,social_media,0.139,1
4945.75,50000,0.0989,1,1,0,30,4,7253.34,1813.34,2,8,0,0,0,upgrade,0.435,1
842.95,35000,0.0241,0,0,0,4,4,4695.66,1173.92,3,14,1,1,0,upgrade,0.35,1
648.86,20000,0.0324,1,0,0,15,4,2429.78,607.45,0,2,1,0,1,upgrade,0.284,0
444.99,35000,0.0127,1,1,0,4,2,4966.2,2483.1,2,2,1,0,0,replacement,0.197,0
4706.11,35000,0.1345,1,1,0,4,1,2595.1,2595.1,2,6,1,0,0,looks_cool,0.359,1
9448.31,20000,0.4724,0,0,0,30,2,1992.62,996.31,1,4,1,0,1,social_media,0.389,1
2170.71,20000,0.1085,0,0,0,30,5,13030.42,2606.08,2,12,0,0,1,upgrade,0.256,0
644.0,10000,0.0644,0,0,1,30,2,7663.81,3831.9,0,6,0,1,0,social_media,0.511,1
2713.86,20000,0.1357,0,0,0,1,1,3924.03,3924.03,2,14,1,1,0,social_media,0.205,1
1701.46,35000,0.0486,1,0,1,30,5,18048.63,3609.73,0,18,1,0,0,replacement,0.272,0
1844.03,20000,0.0922,0,0,0,30,3,9974.33,3324.78,3,3,0,0,1,genuine_need,0.281,0
3598.82,35000,0.1028,0,0,0,4,1,1232.79,1232.79,1,31,1,0,1,looks_cool,0.434,1
4639.39,35000,0.1326,0,0,0,4,0,0.0,1500.0,1,19,0,0,1,social_media,0.335,1
610.24,10000,0.061,1,0,0,15,5,10286.58,2057.32,0,12,0,0,1,boredom,0.146,1
326.84,35000,0.0093,1,1,0,4,3,8006.13,2668.71,0,29,0,0,1,genuine_need,0.295,0
18304.17,20000,0.9152,0,0,1,30,3,10432.13,3477.38,1,4,1,0,0,discount,0.262,1
1127.2,75000,0.015,0,0,1,4,2,2623.74,1311.87,1,7,1,1,0,social_media,0.187,1
393.67,20000,0.0197,0,0,0,15,2,4357.54,2178.77,0,2,1,1,1,discount,0.201,1
936.98,50000,0.0187,1,1,0,15,3,8298.12,2766.04,2,8,1,1,1,social_media,0.295,1
339.08,35000,0.0097,1,1,0,4,2,4119.16,2059.58,0,9,0,1,1,genuine_need,0.206,1
1940.44,10000,0.194,1,0,0,30,5,10448.39,2089.68,3,12,0,0,1,genuine_need,0.33,0
5875.32,35000,0.1679,0,0,0,4,3,3863.73,1287.91,3,1,0,1,0,genuine_need,0.142,0
1660.91,75000,0.0221,1,1,0,4,4,15813.25,3953.31,0,1,1,0,0,upgrade,0.133,1
2255.61,35000,0.0644,0,0,0,1,3,6489.53,2163.18,1,7,0,0,1,replacement,0.295,0
4140.08,50000,0.0828,1,1,0,4,5,11822.98,2364.6,0,3,1,0,0,looks_cool,0.537,1
2688.83,50000,0.0538,0,0,0,15,1,1264.96,1264.96,2,18,0,0,0,genuine_need,0.237,0
7117.73,20000,0.3559,1,0,0,30,3,6898.44,2299.48,2,14,1,0,0,upgrade,0.108,0
7235.64,20000,0.3618,0,0,0,4,4,5574.89,1393.72,3,5,1,0,1,boredom,0.242,1
234.86,35000,0.0067,1,0,1,4,2,2416.35,1208.18,1,1,0,0,1,upgrade,0.544,0
5468.5,20000,0.2734,1,1,0,1,1,1465.03,1465.03,1,3,0,0,0,genuine_need,0.552,1
2361.41,50000,0.0472,0,0,1,15,1,509.66,509.66,1,15,0,1,1,replacement,0.286,0
15934.14,75000,0.2125,0,0,1,30,3,7486.59,2495.53,1,56,1,0,1,discount,0.295,0
2510.56,20000,0.1255,1,1,1,15,3,5568.54,1856.18,2,5,0,0,1,genuine_need,0.62,0
15371.92,20000,0.7686,0,0,1,15,1,3645.41,3645.41,0,20,0,1,1,boredom,0.164,1
5116.59,50000,0.1023,0,0,1,4,6,3854.85,642.48,2,25,0,0,0,discount,0.375,1
1200.38,20000,0.06,0,0,1,1,2,1302.4,651.2,0,1,0,1,0,social_media,0.499,0
2905.66,50000,0.0581,1,1,0,15,1,3600.56,3600.56,1,30,0,1,0,upgrade,0.171,1
17158.95,20000,0.8579,0,0,0,15,6,5659.54,943.26,2,8,1,1,1,boredom,0.177,1
7020.2,35000,0.2006,0,0,1,15,3,1522.68,507.56,4,40,1,0,0,discount,0.088,0
558.54,10000,0.0559,0,0,1,30,1,1126.2,1126.2,2,10,1,0,1,discount,0.246,0
4489.05,35000,0.1283,0,0,1,15,2,6767.13,3383.56,1,4,0,1,0,looks_cool,0.352,1
1684.02,20000,0.0842,1,1,1,15,2,6619.0,3309.5,1,45,1,0,1,looks_cool,0.417,1
224.52,35000,0.0064,1,0,1,30,4,6761.85,1690.46,2,4,1,0,1,genuine_need,0.179,0
2008.25,20000,0.1004,1,1,1,30,3,8514.32,2838.11,0,26,0,0,1,replacement,0.095,0
1136.45,35000,0.0325,0,0,1,4,3,6826.12,2275.37,3,3,1,1,0,replacement,0.338,0
6179.88,50000,0.1236,1,1,0,1,5,18332.86,3666.57,3,14,1,0,0,genuine_need,0.396,1
1640.18,20000,0.082,0,0,1,4,1,697.48,697.48,1,7,0,1,0,looks_cool,0.24,1
6351.23,10000,0.6351,0,0,1,15,3,10038.38,3346.13,0,43,1,0,1,replacement,0.218,0
202.09,10000,0.0202,1,1,1,0,5,5485.48,1097.1,0,3,1,1,1,replacement,0.065,0
1487.68,35000,0.0425,1,0,1,1,3,5612.02,1870.67,4,7,1,0,0,genuine_need,0.274,0
1165.9,35000,0.0333,1,1,0,1,3,3515.55,1171.85,1,13,1,0,0,boredom,0.601,1
1131.03,35000,0.0323,1,1,0,15,2,5918.3,2959.15,1,46,1,0,0,looks_cool,0.13,1
447.18,20000,0.0224,0,0,1,4,4,11496.57,2874.14,1,5,0,0,0,discount,0.144,0
925.12,20000,0.0463,0,0,0,4,4,9670.57,2417.64,2,7,0,0,0,social_media,0.211,1
3038.21,35000,0.0868,1,0,0,1,4,11774.28,2943.57,1,8,1,0,1,social_media,0.274,1
1405.43,20000,0.0703,0,0,0,15,0,0.0,1500.0,1,4,1,1,1,discount,0.069,1
2090.86,100000,0.0209,0,0,1,4,4,12870.19,3217.55,1,21,1,1,0,genuine_need,0.3,0
1855.48,10000,0.1855,1,0,1,4,2,2675.85,1337.92,1,2,1,1,0,social_media,0.305,0
7503.48,35000,0.2144,1,1,1,15,2,4002.39,2001.2,1,15,0,1,0,discount,0.149,1
8449.61,20000,0.4225,0,0,1,4,5,5153.46,1030.69,3,10,1,0,0,social_media,0.164,1
2577.06,20000,0.1289,1,1,0,4,3,6010.73,2003.58,0,4,0,0,1,discount,0.257,1
1602.49,35000,0.0458,1,1,0,15,2,5911.84,2955.92,1,9,0,1,0,boredom,0.157,1
595.31,35000,0.017,1,1,0,4,5,14599.35,2919.87,1,22,0,1,0,discount,0.243,1
10931.76,100000,0.1093,0,0,1,15,2,5965.99,2983.0,2,8,1,1,0,discount,0.382,1
417.41,10000,0.0417,0,0,0,1,1,1580.69,1580.69,2,2,1,1,0,looks_cool,0.375,1
1436.63,10000,0.1437,0,0,1,1,3,8453.25,2817.75,1,1,1,1,0,upgrade,0.209,1
1438.71,35000,0.0411,0,0,0,15,3,5358.4,1786.13,1,19,0,1,1,replacement,0.371,0
1551.88,35000,0.0443,0,0,0,15,1,3805.72,3805.72,3,5,1,1,1,upgrade,0.252,1
828.14,20000,0.0414,0,0,1,1,3,5105.35,1701.78,1,33,1,0,0,discount,0.425,0
5550.11,10000,0.555,0,0,0,1,1,2610.56,2610.56,1,12,0,0,1,replacement,0.308,0
657.37,10000,0.0657,1,1,1,30,4,12502.04,3125.51,3,7,1,1,1,discount,0.25,1
3726.61,50000,0.0745,0,0,0,15,3,11017.28,3672.43,2,10,1,1,1,social_media,0.446,1
662.75,20000,0.0331,1,1,0,4,4,8131.0,2032.75,1,8,1,0,1,discount,0.163,1
456.01,20000,0.0228,1,1,0,15,3,5285.09,1761.7,1,29,1,0,1,upgrade,0.204,1
8605.69,20000,0.4303,0,0,0,1,6,12030.59,2005.1,5,8,0,1,0,replacement,0.126,1
938.08,20000,0.0469,1,0,1,4,1,1632.94,1632.94,1,2,1,0,0,looks_cool,0.159,0
6226.19,10000,0.6226,1,0,0,0,3,8366.21,2788.74,0,11,0,0,1,social_media,0.205,1
2953.26,35000,0.0844,0,0,0,4,5,18822.54,3764.51,0,12,0,0,1,upgrade,0.498,1
483.69,10000,0.0484,1,0,0,1,2,1882.5,941.25,1,18,1,1,0,discount,0.266,1
11088.86,50000,0.2218,0,0,1,4,3,7389.68,2463.23,2,33,1,0,1,replacement,0.181,0
1192.73,20000,0.0596,1,1,1,4,2,7283.54,3641.77,2,8,1,0,0,genuine_need,0.284,0
7072.54,35000,0.2021,0,0,0,4,5,4252.0,850.4,2,6,0,1,1,replacement,0.163,1
847.14,50000,0.0169,1,1,0,0,0,0.0,1500.0,0,9,0,0,1,genuine_need,0.208,0
6933.15,35000,0.1981,0,0,1,4,1,3528.3,3528.3,3,28,1,0,0,upgrade,0.203,0
246.61,35000,0.007,1,1,1,15,3,10954.75,3651.58,1,47,1,1,1,discount,0.319,1
2709.47,20000,0.1355,0,0,0,4,3,6900.7,2300.23,3,43,0,1,0,upgrade,0.382,1
5335.39,20000,0.2668,1,0,1,15,4,2349.33,587.33,1,4,1,0,0,discount,0.312,0
9755.79,35000,0.2787,1,1,1,4,4,3478.95,869.74,0,9,0,1,1,genuine_need,0.362,1
8596.92,100000,0.086,0,0,1,4,4,10214.03,2553.51,2,4,0,1,0,social_media,0.379,1
6194.51,35000,0.177,1,1,1,4,5,4667.53,933.51,2,6,0,1,0,genuine_need,0.145,0
7868.38,35000,0.2248,0,0,1,30,3,3068.89,1022.96,1,1,0,0,1,discount,0.147,1
977.59,35000,0.0279,1,1,0,1,4,12809.64,3202.41,4,3,0,0,1,upgrade,0.087,1
1370.16,20000,0.0685,0,0,1,0,0,0.0,1500.0,0,7,0,1,0,genuine_need,0.358,0
1393.64,10000,0.1394,1,1,0,15,4,13798.82,3449.7,1,6,0,0,1,upgrade,0.22,1
1856.53,35000,0.053,1,0,1,30,4,3480.29,870.07,1,4,1,0,0,social_media,0.178,0
1949.14,75000,0.026,0,0,0,30,1,1193.51,1193.51,1,4,1,0,1,upgrade,0.413,0
2952.68,20000,0.1476,0,0,0,4,5,17076.83,3415.37,1,17,0,0,0,upgrade,0.312,1
809.74,35000,0.0231,0,0,1,4,2,6047.61,3023.8,1,5,1,0,1,genuine_need,0.12,0
4313.24,20000,0.2157,1,1,1,15,2,6641.69,3320.84,1,15,0,0,1,discount,0.61,0
841.91,35000,0.0241,0,0,0,4,3,11892.33,3964.11,2,6,0,1,0,looks_cool,0.295,1
1500.29,10000,0.15,0,0,0,15,4,14102.04,3525.51,3,20,1,0,0,discount,0.34,1
2649.51,20000,0.1325,1,1,0,30,4,9286.49,2321.62,4,3,1,0,0,genuine_need,0.337,0
5771.29,50000,0.1154,0,0,1,15,2,3175.38,1587.69,4,3,1,1,1,discount,0.069,1
4907.62,20000,0.2454,1,1,1,4,1,2493.87,2493.87,2,14,1,0,0,genuine_need,0.275,0
3830.0,35000,0.1094,0,0,0,4,5,13675.26,2735.05,2,30,0,1,1,looks_cool,0.111,1
792.67,50000,0.0159,0,0,1,15,4,6694.37,1673.59,0,2,1,0,0,boredom,0.277,0
2971.87,75000,0.0396,1,1,1,4,5,15991.4,3198.28,1,1,0,0,0,discount,0.17,1
520.28,20000,0.026,0,0,0,4,3,2473.91,824.64,2,33,1,0,1,looks_cool,0.52,1
1858.27,20000,0.0929,0,0,1,0,3,9683.62,3227.87,2,2,0,1,1,genuine_need,0.192,0
2067.64,20000,0.1034,1,0,0,1,2,1223.99,612.0,3,4,1,0,1,replacement,0.346,1
342.19,100000,0.0034,0,0,1,4,3,6728.64,2242.88,1,32,1,1,1,replacement,0.021,0
1320.66,75000,0.0176,1,1,0,30,1,3515.03,3515.03,1,20,1,0,1,social_media,0.507,1
11104.71,35000,0.3173,1,1,0,4,2,1605.47,802.74,2,6,1,0,0,upgrade,0.574,1
10949.06,50000,0.219,0,0,0,4,4,9248.35,2312.09,1,38,0,0,0,replacement,0.377,0
1720.29,35000,0.0492,0,0,0,4,2,2115.74,1057.87,5,11,0,1,0,genuine_need,0.027,0
354.2,35000,0.0101,1,1,1,1,5,18159.28,3631.86,1,1,1,0,1,social_media,0.44,1
890.72,10000,0.0891,0,0,0,30,4,13652.84,3413.21,2,15,1,0,0,genuine_need,0.009,0
1942.79,50000,0.0389,0,0,0,30,2,7537.42,3768.71,2,10,0,1,1,replacement,0.06,0
10532.99,10000,1.0533,1,1,1,1,4,14249.75,3562.44,2,11,0,0,1,replacement,0.139,1
732.76,50000,0.0147,0,0,0,15,1,3077.94,3077.94,3,62,1,0,1,genuine_need,0.48,0
5246.56,50000,0.1049,1,1,0,4,4,4588.45,1147.11,3,2,1,0,0,genuine_need,0.655,1
602.69,35000,0.0172,0,0,1,30,2,3117.52,1558.76,1,13,1,1,0,upgrade,0.232,0
14119.38,10000,1.4119,0,0,1,4,7,15672.95,2238.99,2,8,1,0,0,upgrade,0.515,1
1882.26,20000,0.0941,0,0,0,1,3,7683.42,2561.14,0,4,1,1,0,upgrade,0.118,1
5424.44,20000,0.2712,1,0,0,4,2,6475.28,3237.64,3,15,1,0,0,social_media,0.58,1
1668.07,20000,0.0834,1,0,1,30,6,7766.15,1294.36,1,14,1,0,0,looks_cool,0.176,0
3657.9,10000,0.3658,1,1,0,1,1,948.97,948.97,2,24,1,1,1,genuine_need,0.307,1
946.25,75000,0.0126,0,0,0,15,2,4378.27,2189.14,1,26,1,0,1,genuine_need,0.302,0
752.47,35000,0.0215,0,0,0,1,4,4209.78,1052.44,1,10,1,0,1,replacement,0.315,0
9935.8,20000,0.4968,0,0,0,30,7,20496.55,2928.08,0,5,1,0,0,discount,0.34,1
8938.6,20000,0.4469,0,0,1,1,5,12573.54,2514.71,2,10,1,0,1,genuine_need,0.516,1
7845.84,20000,0.3923,1,1,1,30,2,6187.75,3093.88,1,6,1,1,1,social_media,0.308,1
3636.95,35000,0.1039,1,1,1,4,4,2888.11,722.03,1,4,1,0,1,discount,0.453,1
5980.8,35000,0.1709,0,0,1,4,5,19382.21,3876.44,0,10,0,0,1,social_media,0.226,0
450.37,75000,0.006,1,1,0,30,2,1000.04,500.02,1,13,1,1,1,upgrade,0.278,1
1626.78,20000,0.0813,0,0,0,30,2,3278.1,1639.05,0,11,0,0,0,upgrade,0.261,0
1517.56,100000,0.0152,1,1,1,15,1,2878.72,2878.72,2,38,1,0,1,social_media,0.178,0
3733.7,50000,0.0747,0,0,0,1,1,658.0,658.0,0,5,1,0,1,replacement,0.64,1
1739.97,20000,0.087,0,0,0,4,3,2375.17,791.72,0,6,0,1,0,upgrade,0.083,1
762.67,75000,0.0102,0,0,1,4,4,3073.54,768.38,1,14,1,0,0,genuine_need,0.281,0
3376.24,10000,0.3376,0,0,0,4,2,5070.57,2535.28,0,11,1,0,0,discount,0.081,1
6094.26,50000,0.1219,1,1,0,4,1,3635.74,3635.74,1,1,1,1,1,looks_cool,0.23,1
1885.13,20000,0.0943,0,0,1,0,1,2444.03,2444.03,1,5,1,1,1,genuine_need,0.13,0
696.56,50000,0.0139,0,0,1,15,5,13062.5,2612.5,1,4,1,1,1,discount,0.271,1
966.54,50000,0.0193,1,1,0,15,1,1711.01,1711.01,3,22,0,0,0,looks_cool,0.348,0
1148.96,50000,0.023,1,1,1,1,2,1131.19,565.6,3,25,1,1,0,upgrade,0.259,1
1447.85,50000,0.029,1,1,0,4,2,1151.3,575.65,3,5,0,0,1,replacement,0.477,0
3803.06,20000,0.1902,0,0,0,4,1,3609.08,3609.08,2,2,1,1,0,boredom,0.288,1
3415.3,10000,0.3415,1,1,1,15,4,3436.01,859.0,3,3,1,0,0,genuine_need,0.069,0
4368.47,20000,0.2184,1,1,1,1,2,7998.53,3999.26,1,3,0,0,1,replacement,0.106,0
1775.71,20000,0.0888,0,0,0,15,2,2150.96,1075.48,1,4,1,0,1,looks_cool,0.214,1
6280.4,35000,0.1794,0,0,0,4,2,5722.44,2861.22,2,4,0,0,1,replacement,0.64,1
998.93,20000,0.0499,0,0,0,4,4,15285.38,3821.34,0,8,1,0,0,social_media,0.384,1
2415.74,100000,0.0242,0,0,0,15,8,14144.1,1768.01,3,5,1,1,0,replacement,0.265,0
5849.5,35000,0.1671,0,0,0,15,2,6141.03,3070.52,1,10,1,1,1,social_media,0.17,1
895.26,50000,0.0179,0,0,0,1,3,5183.99,1728.0,1,6,1,1,0,discount,0.107,1
607.33,10000,0.0607,1,0,0,4,3,4701.88,1567.29,2,21,1,0,0,upgrade,0.274,0
7730.06,50000,0.1546,1,1,0,30,0,0.0,1500.0,0,37,1,0,0,upgrade,0.428,0
1669.87,75000,0.0223,1,0,0,1,3,10119.82,3373.27,1,7,1,1,0,genuine_need,0.162,0
4230.61,20000,0.2115,1,1,1,30,3,4202.56,1400.85,0,1,1,0,0,genuine_need,0.131,0
289.86,35000,0.0083,0,0,0,15,7,10437.37,1491.05,4,4,1,0,0,social_media,0.207,1
4299.67,50000,0.086,1,1,0,15,3,11989.18,3996.39,0,2,0,0,0,looks_cool,0.379,1
1529.81,20000,0.0765,1,1,1,4,2,3291.17,1645.58,0,6,1,1,0,social_media,0.16,1
400.74,35000,0.0114,0,0,1,4,0,0.0,1500.0,4,13,0,0,0,looks_cool,0.2,0
3493.95,20000,0.1747,1,1,0,30,5,19825.97,3965.19,1,9,1,0,1,looks_cool,0.734,1
1164.23,10000,0.1164,1,1,0,4,2,3585.1,1792.55,2,4,1,1,0,social_media,0.121,1
1911.77,20000,0.0956,0,0,1,1,2,3563.06,1781.53,1,18,0,0,0,looks_cool,0.144,0
494.05,10000,0.0494,1,1,0,15,3,10191.0,3397.0,1,2,0,1,0,genuine_need,0.459,0
757.15,10000,0.0757,0,0,1,1,2,3183.51,1591.76,1,4,0,0,0,social_media,0.454,0
1438.26,10000,0.1438,0,0,0,15,1,1318.25,1318.25,2,14,1,0,0,social_media,0.288,1
529.16,75000,0.0071,0,0,0,15,5,9906.18,1981.24,3,3,1,0,0,genuine_need,0.204,0
8660.09,35000,0.2474,1,1,0,30,2,5904.49,2952.24,0,14,1,0,0,looks_cool,0.097,1
221.23,75000,0.0029,1,1,1,15,2,1302.7,651.35,0,46,0,1,0,genuine_need,0.358,0
2514.82,20000,0.1257,1,1,1,1,4,7234.82,1808.7,0,22,1,1,0,upgrade,0.314,1
660.36,20000,0.033,0,0,0,4,1,1711.86,1711.86,0,3,0,1,0,genuine_need,0.434,0
1486.97,35000,0.0425,0,0,0,15,1,1356.86,1356.86,3,9,0,1,0,upgrade,0.032,1
9315.73,20000,0.4658,1,1,0,4,3,8370.02,2790.01,5,7,0,0,0,upgrade,0.312,1
817.3,10000,0.0817,1,1,0,30,1,1514.97,1514.97,3,58,0,0,1,discount,0.405,0
12017.66,35000,0.3434,0,0,1,15,2,5247.12,2623.56,2,41,0,1,0,social_media,0.183,1
1006.45,20000,0.0503,0,0,0,0,5,11325.89,2265.18,0,2,1,0,1,social_media,0.655,1
4935.9,35000,0.141,1,1,1,30,3,3780.49,1260.16,3,29,1,0,1,social_media,0.257,1
2969.03,35000,0.0848,1,1,1,1,2,2865.96,1432.98,1,3,1,1,0,genuine_need,0.155,0
7754.05,20000,0.3877,0,0,1,1,1,1097.1,1097.1,2,5,0,1,1,upgrade,0.323,1
3025.97,10000,0.3026,0,0,1,15,4,2792.81,698.2,0,6,1,0,1,social_media,0.125,1
2876.7,50000,0.0575,1,1,0,30,5,13335.8,2667.16,0,5,0,1,0,discount,0.124,1
961.19,20000,0.0481,1,0,0,4,3,8564.28,2854.76,0,24,0,1,0,discount,0.266,1
836.29,10000,0.0836,0,0,0,4,6,6486.0,1081.0,2,5,0,0,0,replacement,0.288,0
8889.73,100000,0.0889,0,0,0,4,5,13269.37,2653.87,2,21,1,1,1,replacement,0.091,1
1590.4,10000,0.159,1,1,0,4,4,15749.19,3937.3,0,63,0,0,0,boredom,0.391,1
1828.71,35000,0.0522,0,0,0,4,4,3041.63,760.41,3,23,1,1,1,looks_cool,0.149,1
5192.34,100000,0.0519,0,0,1,1,2,4432.6,2216.3,3,6,0,0,0,genuine_need,0.489,0
1648.07,20000,0.0824,0,0,0,15,3,9196.9,3065.63,3,15,1,1,1,discount,0.209,1
10832.5,10000,1.0832,0,0,1,30,6,3966.19,661.03,1,10,0,1,0,upgrade,0.155,0
4886.97,10000,0.4887,1,1,1,4,3,9671.87,3223.96,1,19,1,1,1,upgrade,0.323,1
3384.6,20000,0.1692,0,0,1,1,1,3928.29,3928.29,2,2,0,1,1,upgrade,0.202,1
7647.13,10000,0.7647,1,1,0,30,5,4048.54,809.71,1,13,1,0,0,discount,0.179,1
378.07,35000,0.0108,0,0,0,15,3,10133.41,3377.8,5,18,0,1,1,boredom,0.658,1
1240.0,10000,0.124,0,0,0,30,1,1825.04,1825.04,2,18,1,1,0,looks_cool,0.076,0
2389.45,35000,0.0683,0,0,0,1,2,2008.81,1004.4,1,40,0,0,0,looks_cool,0.314,1
1101.07,100000,0.011,1,1,0,1,2,4452.35,2226.18,0,1,1,0,1,social_media,0.191,1
4967.73,50000,0.0994,1,0,1,4,1,750.32,750.32,1,6,0,0,0,genuine_need,0.063,0
9005.57,35000,0.2573,0,0,0,15,4,9309.42,2327.36,4,8,1,1,0,upgrade,0.302,1
2129.37,20000,0.1065,1,0,0,4,3,1703.25,567.75,2,5,1,1,0,upgrade,0.243,0
1665.63,35000,0.0476,1,1,1,4,5,15250.7,3050.14,3,5,0,1,1,looks_cool,0.529,1
11604.45,35000,0.3316,1,0,0,1,2,4415.79,2207.9,4,3,0,0,0,boredom,0.395,1
2259.82,20000,0.113,0,0,0,4,2,4212.58,2106.29,2,21,0,0,1,upgrade,0.202,1
2550.18,10000,0.255,1,1,1,15,1,1186.67,1186.67,1,29,0,0,1,replacement,0.241,0
1716.64,50000,0.0343,0,0,0,4,5,8822.11,1764.42,3,2,1,1,0,replacement,0.506,0
8610.29,20000,0.4305,0,0,1,15,4,4546.17,1136.54,2,3,1,0,0,discount,0.17,1
3145.4,20000,0.1573,1,1,0,4,3,9221.6,3073.87,0,4,1,1,1,replacement,0.113,1
5226.76,20000,0.2613,0,0,1,4,5,5982.94,1196.59,2,9,1,0,1,looks_cool,0.496,1
6046.0,20000,0.3023,0,0,0,4,2,5317.27,2658.64,2,19,1,0,0,upgrade,0.127,1
1664.12,50000,0.0333,0,0,0,4,4,5914.51,1478.63,1,1,0,1,0,boredom,0.369,1
2190.17,35000,0.0626,1,1,0,0,1,2799.44,2799.44,2,13,1,0,1,genuine_need,0.201,1
6804.44,50000,0.1361,1,1,0,15,0,0.0,1500.0,2,2,1,0,1,genuine_need,0.254,1
1779.85,10000,0.178,0,0,0,30,3,5946.11,1982.04,0,43,0,1,1,upgrade,0.06,0
5728.47,20000,0.2864,1,1,0,4,3,8566.51,2855.5,0,28,1,0,0,looks_cool,0.123,1
10105.31,20000,0.5053,0,0,0,0,6,11730.16,1955.03,1,36,1,1,1,upgrade,0.147,1
3616.24,10000,0.3616,0,0,0,30,2,6749.59,3374.8,2,2,1,0,0,looks_cool,0.355,1
4936.73,20000,0.2468,1,1,0,4,4,12214.38,3053.6,1,9,0,1,1,upgrade,0.255,1
5923.39,50000,0.1185,0,0,0,1,2,4784.47,2392.24,2,3,1,1,1,looks_cool,0.076,1
6726.05,10000,0.6726,0,0,1,4,1,3569.71,3569.71,1,11,0,0,0,replacement,0.23,0
1959.15,35000,0.056,0,0,0,15,5,17005.08,3401.02,1,4,1,1,0,upgrade,0.248,1
384.18,20000,0.0192,1,1,0,4,4,9445.75,2361.44,2,18,1,0,1,replacement,0.106,1
1998.85,10000,0.1999,0,0,1,4,1,739.57,739.57,2,13,1,0,1,replacement,0.545,0
4120.39,20000,0.206,1,1,1,4,2,4961.97,2480.98,3,11,0,1,1,upgrade,0.503,1
2294.66,100000,0.0229,1,0,0,1,5,8717.0,1743.4,1,21,0,1,1,replacement,0.322,0
5037.54,50000,0.1008,0,0,0,4,1,2390.4,2390.4,1,9,1,0,0,social_media,0.015,1
1745.54,75000,0.0233,1,1,0,15,3,8294.87,2764.96,1,4,1,1,1,social_media,0.31,1
3725.05,20000,0.1863,0,0,0,15,5,13784.68,2756.94,1,12,1,1,1,upgrade,0.253,1
922.09,10000,0.0922,0,0,1,1,2,5714.67,2857.34,2,38,1,0,0,boredom,0.195,0
5043.21,35000,0.1441,1,1,0,1,2,5754.88,2877.44,4,12,0,1,1,boredom,0.561,1
2961.46,20000,0.1481,1,0,1,15,3,2647.45,882.48,1,12,1,0,1,looks_cool,0.032,1
998.83,50000,0.02,0,0,0,30,2,2341.99,1170.99,1,33,1,0,1,discount,0.354,1
1408.15,10000,0.1408,0,0,0,4,3,8120.68,2706.89,0,9,0,1,0,upgrade,0.388,0
5032.61,20000,0.2516,0,0,1,4,2,3857.21,1928.6,3,68,1,1,0,replacement,0.429,0
2506.29,20000,0.1253,0,0,0,1,4,12679.92,3169.98,1,3,0,1,1,genuine_need,0.202,1
1051.85,20000,0.0526,0,0,0,4,3,2811.55,937.18,0,10,0,1,0,discount,0.169,0
12168.25,35000,0.3477,0,0,1,0,4,4681.32,1170.33,4,3,1,1,0,discount,0.475,1
4594.97,20000,0.2297,1,0,1,15,5,12273.13,2454.63,0,8,1,0,1,discount,0.187,1
11223.94,20000,0.5612,0,0,1,4,3,6757.85,2252.62,2,3,1,1,0,discount,0.402,1
2149.69,20000,0.1075,0,0,0,30,1,1432.39,1432.39,3,4,0,0,0,genuine_need,0.219,0
2455.92,20000,0.1228,1,0,0,15,1,1929.2,1929.2,1,3,0,0,0,discount,0.134,0
8188.2,50000,0.1638,1,1,1,30,2,1244.87,622.43,0,5,1,1,1,upgrade,0.508,1
2805.91,50000,0.0561,0,0,0,4,3,1888.9,629.63,3,2,0,1,0,upgrade,0.256,1
4499.87,75000,0.06,0,0,1,1,5,4161.22,832.24,1,20,0,0,1,upgrade,0.362,0
1217.04,50000,0.0243,1,0,0,30,2,5037.55,2518.78,2,3,1,1,1,genuine_need,0.098,0
2271.66,20000,0.1136,0,0,0,15,1,3523.01,3523.01,1,7,1,0,0,looks_cool,0.348,1
661.16,35000,0.0189,0,0,1,30,7,9875.47,1410.78,2,1,0,0,0,genuine_need,0.328,0
1007.26,20000,0.0504,1,1,0,0,5,3093.95,618.79,3,2,1,1,0,discount,0.07,1
203.3,20000,0.0102,0,0,0,4,2,5960.39,2980.2,1,28,0,1,1,looks_cool,0.896,1
340.2,50000,0.0068,0,0,0,15,2,6987.47,3493.74,2,22,0,1,1,replacement,0.403,0
13446.37,10000,1.3446,0,0,0,1,2,1967.21,983.6,1,23,1,0,1,upgrade,0.575,1
1171.39,75000,0.0156,0,0,0,4,2,3700.23,1850.12,0,7,0,0,0,upgrade,0.306,0
4010.08,20000,0.2005,0,0,0,4,1,1055.58,1055.58,3,2,1,1,0,genuine_need,0.382,0
6594.4,35000,0.1884,1,1,0,0,3,2616.75,872.25,0,2,0,0,0,upgrade,0.157,1
2999.92,35000,0.0857,0,0,1,1,2,5537.18,2768.59,1,12,1,0,1,upgrade,0.27,0
781.79,50000,0.0156,0,0,0,4,6,23318.27,3886.38,4,22,0,1,1,genuine_need,0.408,0
4758.33,35000,0.136,0,0,1,1,6,17241.48,2873.58,0,28,0,1,1,upgrade,0.397,1
3409.22,35000,0.0974,1,0,0,15,2,7893.7,3946.85,3,5,1,1,1,genuine_need,0.254,0
4798.92,10000,0.4799,0,0,0,1,5,10101.92,2020.38,0,5,1,0,0,looks_cool,0.172,1
5340.01,35000,0.1526,0,0,0,4,1,3642.54,3642.54,3,2,1,0,1,discount,0.557,1
13169.01,20000,0.6585,1,1,1,30,3,3653.38,1217.79,2,18,0,0,1,genuine_need,0.618,0
3183.02,35000,0.0909,0,0,1,4,5,4563.33,912.67,1,4,1,1,0,looks_cool,0.286,0
1663.02,35000,0.0475,0,0,1,4,2,5917.64,2958.82,2,8,0,1,1,upgrade,0.309,1
3859.06,35000,0.1103,0,0,0,15,2,3599.86,1799.93,0,32,0,1,1,replacement,0.151,1
448.13,10000,0.0448,0,0,0,30,0,0.0,1500.0,1,17,1,0,0,replacement,0.244,0
8169.12,10000,0.8169,0,0,1,0,3,8548.45,2849.48,2,1,0,1,0,discount,0.236,1
644.96,35000,0.0184,1,0,1,4,5,8335.97,1667.19,0,1,1,1,0,genuine_need,0.27,0
1590.42,10000,0.159,0,0,1,15,2,5007.91,2503.96,1,19,0,1,1,genuine_need,0.065,0
6120.03,10000,0.612,1,1,0,4,4,6192.37,1548.09,2,10,1,1,1,discount,0.362,1
3383.58,10000,0.3384,0,0,1,15,1,3243.15,3243.15,2,16,1,1,0,boredom,0.252,1
1950.96,75000,0.026,0,0,0,30,4,6373.44,1593.36,1,3,1,0,1,upgrade,0.215,1
2444.84,35000,0.0699,0,0,0,30,3,7117.44,2372.48,1,25,0,1,0,upgrade,0.05,0
6947.67,20000,0.3474,1,0,0,4,5,2905.58,581.12,1,18,1,0,0,boredom,0.095,1
1654.33,20000,0.0827,0,0,0,1,5,16355.29,3271.06,0,27,1,1,0,replacement,0.641,1
7331.35,20000,0.3666,1,0,1,30,0,0.0,1500.0,0,6,1,1,0,replacement,0.084,0
522.92,50000,0.0105,0,0,1,4,1,1172.83,1172.83,1,4,1,1,0,looks_cool,0.47,0
5448.88,35000,0.1557,0,0,1,1,3,3761.42,1253.81,1,2,1,0,1,discount,0.529,0
6783.16,20000,0.3392,0,0,1,15,3,4256.18,1418.73,1,32,0,0,1,genuine_need,0.328,0
902.35,20000,0.0451,0,0,0,4,6,15107.13,2517.86,1,3,1,0,0,discount,0.472,1
2169.54,10000,0.217,0,0,1,4,0,0.0,1500.0,1,2,1,1,0,looks_cool,0.374,1
833.23,35000,0.0238,0,0,0,30,4,5834.09,1458.52,1,3,1,0,0,replacement,0.178,0
4491.81,50000,0.0898,1,1,1,1,5,14646.09,2929.22,2,18,1,0,0,upgrade,0.15,0
2882.63,20000,0.1441,0,0,1,1,1,3611.64,3611.64,0,27,1,1,0,genuine_need,0.35,0
3730.6,10000,0.3731,1,1,1,4,5,3261.52,652.3,0,20,0,0,1,discount,0.183,1
965.67,10000,0.0966,0,0,0,15,4,7840.75,1960.19,1,10,1,1,0,discount,0.249,1
1032.77,75000,0.0138,0,0,1,1,2,5154.64,2577.32,4,62,1,0,0,genuine_need,0.491,0
348.34,20000,0.0174,1,0,0,4,7,17867.66,2552.52,2,1,1,0,0,discount,0.159,1
1560.48,50000,0.0312,0,0,0,15,2,1136.75,568.38,1,25,1,1,1,discount,0.392,1
3071.4,35000,0.0878,0,0,1,30,2,2473.96,1236.98,1,7,1,1,0,genuine_need,0.517,0
7030.14,20000,0.3515,1,1,0,1,2,1432.82,716.41,1,8,0,0,0,discount,0.171,1
4047.88,20000,0.2024,1,1,1,30,2,4982.76,2491.38,5,2,0,0,0,discount,0.32,0
2200.71,10000,0.2201,0,0,0,1,5,13794.32,2758.86,2,1,1,1,0,upgrade,0.446,1
10910.58,35000,0.3117,0,0,0,15,3,3177.29,1059.1,0,5,1,0,1,looks_cool,0.037,1
4645.96,50000,0.0929,1,1,1,4,0,0.0,1500.0,1,3,0,0,0,replacement,0.224,0
9515.68,35000,0.2719,0,0,0,1,0,0.0,1500.0,1,8,0,1,1,genuine_need,0.122,1
2824.66,35000,0.0807,1,1,0,15,1,3369.31,3369.31,0,2,1,1,0,discount,0.166,1
1248.69,10000,0.1249,0,0,0,1,5,5906.54,1181.31,2,2,1,1,0,discount,0.521,1
389.96,75000,0.0052,0,0,0,1,5,12095.5,2419.1,3,26,1,0,1,boredom,0.313,1
4732.28,50000,0.0946,1,1,1,4,1,3240.27,3240.27,1,31,1,0,1,replacement,0.301,0
652.6,20000,0.0326,0,0,0,15,5,17017.62,3403.52,1,40,1,1,0,upgrade,0.054,0
1462.27,100000,0.0146,0,0,1,1,3,8498.94,2832.98,1,14,0,0,1,upgrade,0.044,0
2861.03,35000,0.0817,0,0,1,1,5,7741.74,1548.35,2,18,1,0,0,looks_cool,0.433,0
3108.74,35000,0.0888,1,0,0,0,5,16903.32,3380.66,2,22,1,1,1,upgrade,0.152,1
3412.12,35000,0.0975,1,1,1,4,2,6195.16,3097.58,0,13,0,1,1,social_media,0.17,1
836.4,50000,0.0167,0,0,1,4,4,11862.57,2965.64,2,5,1,0,0,genuine_need,0.344,0
1871.64,35000,0.0535,0,0,0,1,1,735.67,735.67,1,3,1,0,0,upgrade,0.199,1
3560.8,10000,0.3561,1,1,0,1,2,1302.85,651.42,3,4,1,0,0,genuine_need,0.15,1
12451.88,20000,0.6226,1,0,0,4,4,11735.11,2933.78,0,23,1,1,1,boredom,0.205,1
4752.09,75000,0.0634,1,0,1,15,5,19033.91,3806.78,2,15,0,1,0,genuine_need,0.627,0
9155.86,20000,0.4578,0,0,1,15,1,3208.03,3208.03,2,8,1,0,0,upgrade,0.188,1
5227.32,20000,0.2614,1,1,0,30,1,3410.16,3410.16,1,1,0,0,1,genuine_need,0.356,0
3335.28,20000,0.1668,1,1,1,0,1,2407.44,2407.44,0,4,0,1,0,boredom,0.467,1
946.28,20000,0.0473,0,0,1,30,1,1566.05,1566.05,1,16,1,1,0,discount,0.212,1
4045.34,35000,0.1156,0,0,1,4,1,2872.08,2872.08,2,9,1,1,0,boredom,0.808,1
3617.81,75000,0.0482,0,0,1,30,2,5983.8,2991.9,1,7,1,1,0,genuine_need,0.319,0
3428.69,20000,0.1714,1,0,0,4,2,5727.51,2863.76,0,5,0,1,1,genuine_need,0.527,0
2555.24,10000,0.2555,0,0,1,4,5,19067.41,3813.48,1,12,1,0,1,upgrade,0.355,1
2832.59,20000,0.1416,1,1,1,4,2,3570.25,1785.12,0,41,1,0,0,discount,0.361,0
1624.96,50000,0.0325,1,1,1,4,5,3194.01,638.8,1,28,0,0,0,replacement,0.43,0
2763.88,35000,0.079,1,0,0,30,4,14718.22,3679.56,3,1,1,1,0,social_media,0.234,1
970.33,20000,0.0485,1,1,0,15,6,6370.48,1061.75,1,8,1,0,0,genuine_need,0.378,0
5924.78,50000,0.1185,1,1,0,30,6,17643.69,2940.62,2,5,0,0,0,discount,0.442,1
919.32,50000,0.0184,0,0,0,15,6,21337.29,3556.22,1,9,1,0,0,upgrade,0.175,1
510.78,50000,0.0102,1,1,1,4,1,1585.49,1585.49,0,12,1,0,0,upgrade,0.403,0
2205.98,75000,0.0294,0,0,0,1,2,6812.91,3406.46,0,3,0,0,1,discount,0.335,1
3958.45,20000,0.1979,1,1,1,30,5,8311.02,1662.2,1,19,1,0,0,genuine_need,0.313,0
2215.12,50000,0.0443,0,0,1,4,5,16399.51,3279.9,3,8,1,1,1,boredom,0.217,1
1334.02,20000,0.0667,1,1,1,15,2,1488.81,744.4,2,58,1,0,0,social_media,0.133,0
3058.91,50000,0.0612,1,0,0,4,5,13966.75,2793.35,3,1,0,0,1,upgrade,0.458,1
1691.64,35000,0.0483,1,0,1,4,4,11479.93,2869.98,1,3,0,0,1,discount,0.271,0
9653.81,50000,0.1931,0,0,1,30,3,6659.97,2219.99,3,15,1,1,1,genuine_need,0.228,0
9157.73,35000,0.2616,0,0,1,1,2,5809.64,2904.82,0,15,1,0,0,upgrade,0.137,0
2642.66,20000,0.1321,1,1,0,4,2,7462.29,3731.14,1,11,0,0,0,upgrade,0.203,0
1590.64,35000,0.0454,0,0,0,1,2,6136.98,3068.49,1,43,1,1,1,upgrade,0.584,1
4876.37,100000,0.0488,1,1,0,15,2,7729.07,3864.54,0,7,1,1,0,social_media,0.112,1
330.91,75000,0.0044,0,0,0,1,3,6210.43,2070.14,0,7,1,1,0,genuine_need,0.373,0
2453.71,10000,0.2454,1,1,0,1,6,14094.11,2349.02,2,29,1,0,1,genuine_need,0.277,1
1634.86,20000,0.0817,0,0,0,4,1,1423.09,1423.09,3,10,1,0,1,upgrade,0.542,1
9063.57,10000,0.9064,1,1,1,4,4,15798.42,3949.6,0,6,0,1,1,discount,0.447,1
242.26,35000,0.0069,1,0,0,4,1,692.98,692.98,1,16,1,1,0,genuine_need,0.306,0
3016.74,50000,0.0603,0,0,0,0,2,3510.34,1755.17,1,12,1,1,0,discount,0.293,1
4923.7,20000,0.2462,0,0,1,30,4,6167.76,1541.94,1,5,1,1,0,replacement,0.217,0
2522.68,35000,0.0721,0,0,0,30,2,3705.58,1852.79,0,5,1,1,1,social_media,0.152,1
512.45,50000,0.0102,1,1,1,4,2,7424.03,3712.02,2,7,1,1,0,upgrade,0.1,1
12772.58,35000,0.3649,0,0,0,15,6,10728.8,1788.13,3,1,1,0,0,looks_cool,0.15,1
2754.41,35000,0.0787,1,1,0,4,4,14837.67,3709.42,0,35,1,1,1,upgrade,0.454,1
3533.4,35000,0.101,0,0,0,1,1,1981.69,1981.69,4,3,1,1,0,looks_cool,0.324,1
1144.95,35000,0.0327,0,0,1,4,1,3491.69,3491.69,0,3,1,0,1,social_media,0.213,0
2512.37,20000,0.1256,0,0,0,4,3,6978.38,2326.13,1,13,0,0,0,looks_cool,0.099,1
2162.2,35000,0.0618,0,0,1,4,3,4769.2,1589.73,4,16,1,0,0,social_media,0.429,0
472.47,35000,0.0135,0,0,0,4,3,6218.17,2072.72,1,17,0,1,0,upgrade,0.092,1
592.8,50000,0.0119,1,1,0,30,4,7941.34,1985.34,2,6,1,1,1,upgrade,0.423,1
6559.18,35000,0.1874,1,1,1,4,0,0.0,1500.0,1,25,1,1,0,social_media,0.083,1
1159.7,50000,0.0232,0,0,0,15,3,4541.21,1513.74,1,10,0,1,1,upgrade,0.05,1
959.01,20000,0.048,1,1,1,1,3,3457.77,1152.59,1,7,1,0,1,genuine_need,0.167,0
2660.57,20000,0.133,1,1,0,4,2,3352.0,1676.0,2,20,1,1,1,looks_cool,0.2,1
5324.85,10000,0.5325,0,0,0,4,5,13427.1,2685.42,2,4,1,0,1,upgrade,0.402,1
423.82,20000,0.0212,0,0,1,4,2,3705.91,1852.96,2,24,1,1,0,genuine_need,0.352,0
3209.75,35000,0.0917,0,0,1,15,4,11972.52,2993.13,1,10,1,0,0,discount,0.132,0
644.28,100000,0.0064,0,0,0,15,3,11863.27,3954.42,1,28,0,0,0,looks_cool,0.157,0
330.0,10000,0.033,1,0,1,4,1,1819.85,1819.85,3,3,1,0,1,looks_cool,0.347,1
389.65,20000,0.0195,1,1,0,15,1,2119.24,2119.24,1,33,1,0,1,discount,0.434,1
6488.65,50000,0.1298,0,0,1,30,3,3223.16,1074.39,1,14,0,1,1,genuine_need,0.192,0
639.36,20000,0.032,0,0,1,15,1,1872.75,1872.75,0,12,1,0,0,discount,0.257,0
361.71,35000,0.0103,1,1,0,1,3,9131.74,3043.91,1,7,0,0,0,discount,0.48,1
2216.26,35000,0.0633,1,1,0,15,7,8826.42,1260.92,3,38,0,1,0,replacement,0.054,0
6702.5,35000,0.1915,1,1,0,1,2,2274.38,1137.19,2,8,1,0,1,looks_cool,0.101,1
1265.28,20000,0.0633,1,1,0,30,4,7269.25,1817.31,3,9,1,1,0,genuine_need,0.275,0
2116.9,20000,0.1058,0,0,0,4,2,6730.55,3365.28,1,19,0,1,0,upgrade,0.48,1
342.59,50000,0.0069,1,0,1,4,2,5365.6,2682.8,1,5,1,0,1,genuine_need,0.282,0
2286.57,35000,0.0653,1,1,1,1,2,7703.06,3851.53,0,5,1,0,1,looks_cool,0.173,1
3216.42,10000,0.3216,0,0,0,4,1,3665.89,3665.89,0,18,1,1,0,genuine_need,0.459,0
3161.29,50000,0.0632,1,1,0,30,2,2057.96,1028.98,0,2,1,1,1,upgrade,0.398,1
1614.37,10000,0.1614,0,0,0,0,4,2595.74,648.93,1,21,0,0,0,looks_cool,0.505,0
1526.9,35000,0.0436,0,0,1,4,2,3793.66,1896.83,2,12,1,0,0,replacement,0.256,0
594.62,20000,0.0297,0,0,0,30,2,4654.56,2327.28,4,10,1,1,1,genuine_need,0.371,0
1799.38,75000,0.024,0,0,0,4,0,0.0,1500.0,1,4,1,0,0,genuine_need,0.091,0
566.8,20000,0.0283,0,0,0,4,1,969.38,969.38,1,19,1,0,1,upgrade,0.059,1
5292.44,20000,0.2646,0,0,0,4,3,2810.58,936.86,1,20,1,1,0,upgrade,0.057,1
12063.23,10000,1.2063,0,0,0,4,4,2656.05,664.01,3,8,0,1,1,social_media,0.07,1
12481.65,20000,0.6241,0,0,0,1,3,10434.03,3478.01,1,6,0,0,0,replacement,0.278,1
7210.53,50000,0.1442,0,0,0,0,4,15268.42,3817.1,1,4,1,0,1,social_media,0.355,1
3413.96,100000,0.0341,0,0,0,15,3,2714.69,904.9,1,17,0,1,1,boredom,0.336,1
4424.02,20000,0.2212,1,1,0,30,7,8721.5,1245.93,1,13,1,0,0,looks_cool,0.182,1
1375.16,20000,0.0688,0,0,0,1,1,814.52,814.52,2,3,1,0,0,discount,0.411,0
3687.18,35000,0.1053,0,0,0,1,3,10713.77,3571.26,3,19,1,1,0,boredom,0.296,1
2328.57,50000,0.0466,1,1,1,4,0,0.0,1500.0,3,26,0,1,1,boredom,0.191,1
2502.35,35000,0.0715,1,1,1,30,3,4248.86,1416.29,0,1,1,0,0,discount,0.693,0
5162.63,20000,0.2581,1,1,0,4,4,6250.17,1562.54,2,18,0,1,0,replacement,0.25,1
1359.1,20000,0.068,0,0,0,30,2,3538.69,1769.34,2,23,1,0,1,looks_cool,0.181,1
1539.74,35000,0.044,0,0,1,1,1,2258.62,2258.62,0,58,0,0,1,looks_cool,0.352,0
9249.26,10000,0.9249,1,1,0,30,3,8665.84,2888.61,1,4,1,0,0,genuine_need,0.369,1
402.53,35000,0.0115,0,0,0,4,5,11326.84,2265.37,2,6,0,0,1,boredom,0.164,1
2526.87,20000,0.1263,0,0,0,15,6,22971.03,3828.5,0,41,0,0,0,upgrade,0.268,0
8738.46,50000,0.1748,0,0,1,4,4,3398.51,849.63,1,2,0,1,1,replacement,0.092,0
3498.89,10000,0.3499,1,0,1,15,0,0.0,1500.0,2,9,0,0,0,replacement,0.193,0
2966.94,35000,0.0848,0,0,0,1,4,6682.76,1670.69,4,9,0,0,0,replacement,0.296,0
1205.69,20000,0.0603,1,0,0,0,2,3642.83,1821.42,3,12,1,0,1,upgrade,0.102,1
1671.72,35000,0.0478,1,1,1,4,2,5961.81,2980.9,6,5,1,1,0,discount,0.264,0
6888.05,10000,0.6888,0,0,1,30,2,7505.64,3752.82,2,32,1,0,0,upgrade,0.569,0
3067.22,35000,0.0876,1,0,1,15,3,9020.11,3006.7,3,4,1,0,1,upgrade,0.355,0
2730.76,35000,0.078,1,1,0,4,3,9646.54,3215.51,1,13,0,0,1,social_media,0.229,1
567.13,35000,0.0162,1,0,0,4,4,12510.91,3127.73,2,9,1,0,0,genuine_need,0.255,0
256.55,35000,0.0073,0,0,1,1,1,1623.43,1623.43,1,4,1,0,1,boredom,0.088,0
11804.35,35000,0.3373,1,1,0,30,1,3149.26,3149.26,1,3,1,0,1,social_media,0.228,1
1856.15,50000,0.0371,0,0,0,15,2,6491.65,3245.82,2,38,1,1,1,social_media,0.314,1
3435.25,20000,0.1718,1,0,0,15,3,7100.7,2366.9,3,10,1,1,0,upgrade,0.512,1
490.75,50000,0.0098,0,0,1,4,3,7135.94,2378.65,3,12,1,0,0,boredom,0.262,0
4222.25,20000,0.2111,0,0,1,30,5,15795.11,3159.02,1,19,1,0,0,genuine_need,0.171,0
9638.16,10000,0.9638,1,1,0,30,3,10078.82,3359.61,3,2,1,0,0,genuine_need,0.361,1
3200.31,10000,0.32,1,0,1,15,0,0.0,1500.0,0,16,1,1,0,social_media,0.81,0
671.82,20000,0.0336,1,1,0,4,5,16527.34,3305.47,1,3,0,0,0,social_media,0.075,1
3250.63,50000,0.065,0,0,1,15,1,3349.73,3349.73,3,17,0,1,1,replacement,0.288,0
5288.72,35000,0.1511,0,0,0,4,2,2638.88,1319.44,2,2,1,0,1,discount,0.54,1
2025.52,50000,0.0405,1,1,0,4,5,15046.64,3009.33,3,22,1,0,0,discount,0.246,1
7616.19,35000,0.2176,1,1,0,4,4,4611.47,1152.87,0,14,1,0,0,upgrade,0.091,1
3861.23,20000,0.1931,1,1,0,4,1,825.67,825.67,3,6,0,0,0,discount,0.376,1
8232.86,10000,0.8233,0,0,0,4,4,10043.6,2510.9,2,6,0,0,0,boredom,0.145,1
3618.98,20000,0.1809,0,0,0,4,10,36802.83,3680.28,2,2,0,0,1,boredom,0.52,1
692.6,20000,0.0346,1,0,1,4,3,1872.32,624.11,1,29,0,0,0,boredom,0.057,0
1497.16,10000,0.1497,1,1,0,15,3,10178.27,3392.76,4,2,0,1,1,discount,0.38,1
988.86,20000,0.0494,0,0,0,4,7,15908.54,2272.65,0,8,0,1,0,replacement,0.107,0
8582.47,35000,0.2452,1,0,0,1,4,14052.54,3513.14,4,4,0,0,1,discount,0.135,1
5200.75,35000,0.1486,0,0,0,4,2,6904.34,3452.17,1,68,0,0,1,discount,0.567,1
4148.85,100000,0.0415,0,0,0,30,5,17817.52,3563.5,0,11,0,0,0,replacement,0.252,0
1453.2,75000,0.0194,0,0,1,15,3,9573.18,3191.06,2,2,1,1,0,discount,0.037,0
911.89,35000,0.0261,0,0,0,4,2,6900.95,3450.48,2,14,0,0,1,discount,0.311,1
5143.53,20000,0.2572,0,0,1,30,5,5580.44,1116.09,2,58,0,1,0,looks_cool,0.288,0
2449.64,35000,0.07,0,0,1,1,3,4690.46,1563.49,1,12,1,1,0,replacement,0.434,0
1095.69,50000,0.0219,0,0,0,30,5,6743.51,1348.7,3,8,1,0,0,discount,0.138,0
3555.57,10000,0.3556,1,1,0,1,4,12394.0,3098.5,1,5,0,1,0,upgrade,0.361,1
344.09,20000,0.0172,0,0,1,0,2,2075.5,1037.75,0,2,1,1,0,genuine_need,0.566,0
1581.72,50000,0.0316,0,0,0,4,3,3413.39,1137.8,1,4,0,1,0,replacement,0.574,0
2412.56,20000,0.1206,0,0,0,4,2,7152.75,3576.38,3,10,1,1,1,genuine_need,0.595,1
760.42,35000,0.0217,0,0,1,4,4,11882.35,2970.59,1,17,0,0,0,replacement,0.307,0
14819.26,35000,0.4234,1,1,0,15,3,10691.49,3563.83,1,26,1,1,0,genuine_need,0.29,1
1021.03,20000,0.0511,0,0,0,30,2,1975.49,987.74,1,19,1,1,0,boredom,0.279,1
688.84,20000,0.0344,1,1,1,4,3,5689.29,1896.43,1,2,0,1,0,genuine_need,0.246,0
996.5,20000,0.0498,1,1,0,4,2,2982.06,1491.03,3,18,1,1,1,social_media,0.439,1
5329.61,10000,0.533,0,0,0,1,3,1601.65,533.88,2,11,0,0,1,looks_cool,0.389,1
2139.93,10000,0.214,0,0,1,0,2,2991.66,1495.83,4,8,1,0,1,upgrade,0.12,1
3116.78,50000,0.0623,0,0,1,15,3,5485.62,1828.54,1,11,0,1,0,genuine_need,0.204,0
274.32,20000,0.0137,0,0,0,1,4,3291.07,822.77,0,1,1,0,0,discount,0.363,1
322.63,35000,0.0092,1,1,0,15,2,4965.41,2482.7,4,1,1,0,0,replacement,0.226,0
2265.97,20000,0.1133,1,0,1,4,0,0.0,1500.0,0,9,0,0,0,genuine_need,0.142,0
6137.35,75000,0.0818,0,0,1,1,0,0.0,1500.0,0,3,1,0,0,discount,0.086,0
7777.16,20000,0.3889,0,0,0,4,1,2963.93,2963.93,4,10,0,0,1,upgrade,0.669,1
517.44,20000,0.0259,0,0,0,1,2,6104.96,3052.48,2,6,0,0,0,social_media,0.206,1
2905.42,50000,0.0581,1,1,0,4,1,3420.65,3420.65,1,29,1,0,0,discount,0.247,1
8755.72,50000,0.1751,0,0,1,15,1,2199.39,2199.39,1,36,1,1,1,looks_cool,0.135,1
1918.42,20000,0.0959,0,0,1,4,4,15561.22,3890.3,1,47,1,0,1,genuine_need,0.569,0
6392.92,50000,0.1279,0,0,1,1,0,0.0,1500.0,3,28,1,1,0,replacement,0.333,0
702.32,20000,0.0351,1,0,1,15,3,7289.19,2429.73,0,52,1,0,0,discount,0.035,0
9788.09,20000,0.4894,1,1,0,1,3,6172.0,2057.33,1,15,0,1,1,looks_cool,0.06,1
5072.01,10000,0.5072,0,0,0,15,1,510.62,510.62,1,39,0,1,0,social_media,0.444,1
10125.66,10000,1.0126,0,0,1,4,2,5976.96,2988.48,1,13,1,0,1,discount,0.224,1
4151.22,35000,0.1186,1,1,1,4,2,4954.68,2477.34,0,20,1,0,0,discount,0.331,1
1780.67,20000,0.089,0,0,0,30,0,0.0,1500.0,3,2,0,1,0,discount,0.547,0
9942.42,20000,0.4971,1,0,0,15,3,7739.44,2579.81,4,14,1,1,0,replacement,0.44,0
1328.28,35000,0.038,0,0,1,0,3,11924.99,3975.0,0,33,0,1,1,discount,0.351,0
1613.04,50000,0.0323,1,1,0,4,3,10465.1,3488.37,3,10,1,0,1,upgrade,0.382,1
4423.35,20000,0.2212,0,0,0,30,3,11512.78,3837.59,4,3,0,1,1,upgrade,0.447,1
5273.31,35000,0.1507,1,1,1,0,1,1646.82,1646.82,1,9,0,0,1,looks_cool,0.138,1
9477.71,10000,0.9478,1,1,1,4,3,3068.03,1022.68,1,15,1,0,0,looks_cool,0.261,1
1002.08,50000,0.02,1,0,0,15,4,13156.21,3289.05,0,18,0,0,1,genuine_need,0.426,0
5798.17,35000,0.1657,1,0,1,15,2,6503.38,3251.69,2,9,0,0,1,boredom,0.215,0
4895.24,75000,0.0653,1,1,0,15,2,2480.14,1240.07,3,3,0,1,1,replacement,0.058,0
430.72,10000,0.0431,0,0,0,15,7,22236.24,3176.61,1,32,1,1,0,replacement,0.373,0
1914.14,10000,0.1914,1,1,0,15,1,2536.91,2536.91,2,18,1,1,1,boredom,0.459,1
1363.23,20000,0.0682,1,1,1,30,10,8833.38,883.34,0,4,1,0,1,upgrade,0.363,1
1470.89,20000,0.0735,0,0,1,15,1,2256.24,2256.24,0,21,1,0,1,social_media,0.323,0
14449.98,20000,0.7225,1,0,1,4,0,0.0,1500.0,1,6,1,1,0,replacement,0.18,1
3802.89,75000,0.0507,1,0,1,4,3,6817.8,2272.6,4,5,0,0,1,looks_cool,0.577,0
4626.45,20000,0.2313,0,0,0,15,3,9781.34,3260.45,1,24,1,1,1,looks_cool,0.241,1
13345.21,20000,0.6673,0,0,0,30,3,1803.55,601.18,0,25,1,1,0,upgrade,0.109,1
1857.36,50000,0.0371,0,0,0,4,3,9144.85,3048.28,2,7,1,0,0,social_media,0.27,1
5865.38,20000,0.2933,0,0,0,4,4,15255.72,3813.93,1,1,1,0,0,boredom,0.219,1
2195.35,50000,0.0439,0,0,1,30,1,2248.35,2248.35,4,3,1,0,1,upgrade,0.291,0
7328.24,10000,0.7328,0,0,1,4,3,5045.95,1681.98,1,29,0,1,1,upgrade,0.076,1
897.39,20000,0.0449,0,0,1,1,5,13816.38,2763.28,1,28,0,1,0,social_media,0.355,1
10526.73,10000,1.0527,0,0,0,15,2,7413.83,3706.92,0,8,1,0,1,upgrade,0.306,1
1064.11,10000,0.1064,1,1,0,30,3,3356.08,1118.69,2,5,1,0,0,boredom,0.507,0
1581.98,75000,0.0211,0,0,0,30,2,3825.86,1912.93,0,5,0,0,0,genuine_need,0.229,0
5139.81,10000,0.514,0,0,0,15,1,1047.02,1047.02,0,28,1,1,0,upgrade,0.325,1
1951.65,35000,0.0558,0,0,0,1,2,4476.58,2238.29,3,5,1,0,0,social_media,0.397,1
3479.61,20000,0.174,0,0,0,30,5,11957.39,2391.48,2,9,1,1,1,upgrade,0.224,1
2258.07,20000,0.1129,1,1,0,4,3,11414.14,3804.71,5,16,1,1,1,replacement,0.486,1
4946.81,50000,0.0989,1,1,0,30,1,1943.8,1943.8,1,3,0,1,0,upgrade,0.231,1
1107.2,10000,0.1107,1,0,0,4,1,2484.35,2484.35,3,4,0,0,1,looks_cool,0.242,1
410.83,35000,0.0117,0,0,0,1,5,17992.1,3598.42,1,6,1,0,1,discount,0.107,1
1448.01,75000,0.0193,1,1,0,4,2,3249.84,1624.92,6,13,1,1,0,replacement,0.059,0
2450.64,35000,0.07,0,0,0,4,3,8578.72,2859.57,1,21,1,0,0,discount,0.398,1
843.81,75000,0.0113,0,0,0,15,5,15750.33,3150.07,4,10,1,1,1,discount,0.084,1
1733.67,10000,0.1734,0,0,0,30,0,0.0,1500.0,1,2,0,0,1,discount,0.157,1
1987.79,20000,0.0994,0,0,0,15,5,5375.97,1075.19,1,8,1,1,0,upgrade,0.069,1
406.87,20000,0.0203,0,0,0,30,3,6780.55,2260.18,4,2,1,1,0,genuine_need,0.435,0
3263.92,35000,0.0933,0,0,0,4,1,1748.81,1748.81,0,2,1,1,1,discount,0.391,1
7749.96,100000,0.0775,1,1,1,15,2,2865.24,1432.62,2,11,1,0,0,upgrade,0.31,0
776.0,20000,0.0388,0,0,1,30,3,11720.92,3906.97,0,38,0,0,1,upgrade,0.465,0
3387.89,35000,0.0968,0,0,1,15,4,9030.14,2257.54,1,22,1,0,0,replacement,0.3,0
4024.96,20000,0.2012,0,0,0,4,4,13990.69,3497.67,0,18,0,0,0,replacement,0.12,0
2102.53,35000,0.0601,1,0,0,15,3,3550.83,1183.61,4,16,0,0,0,social_media,0.294,1
4426.73,20000,0.2213,0,0,1,15,2,7576.1,3788.05,1,28,0,1,0,upgrade,0.338,0
2051.06,100000,0.0205,1,0,0,4,1,3280.51,3280.51,1,17,0,0,0,genuine_need,0.426,0
2658.63,35000,0.076,1,1,1,30,6,19982.54,3330.42,3,12,0,0,0,genuine_need,0.264,0
225.83,20000,0.0113,0,0,0,30,5,9320.89,1864.18,3,6,1,0,1,replacement,0.089,0
4318.62,10000,0.4319,0,0,0,4,0,0.0,1500.0,2,2,0,0,0,upgrade,0.303,1
3989.68,20000,0.1995,0,0,1,15,1,2576.74,2576.74,0,8,0,0,1,discount,0.605,1
337.05,20000,0.0169,1,1,0,15,3,9792.54,3264.18,1,32,1,0,1,genuine_need,0.623,0
1807.42,20000,0.0904,0,0,0,15,5,17358.49,3471.7,0,11,0,1,1,upgrade,0.083,0
13726.63,50000,0.2745,0,0,0,4,1,773.16,773.16,2,3,1,1,0,genuine_need,0.234,1
2110.99,35000,0.0603,0,0,0,30,3,10992.66,3664.22,2,13,0,0,1,genuine_need,0.475,0
2639.66,35000,0.0754,1,1,0,4,5,18906.19,3781.24,3,8,1,0,1,looks_cool,0.608,1
8625.09,10000,0.8625,0,0,0,1,1,2575.11,2575.11,0,33,0,0,0,discount,0.203,1
4621.32,50000,0.0924,0,0,1,30,3,3460.88,1153.63,1,3,1,0,0,social_media,0.142,0
3253.55,35000,0.093,1,1,1,15,2,6728.9,3364.45,0,15,1,0,0,genuine_need,0.46,0
5794.82,10000,0.5795,1,1,0,30,5,12100.28,2420.06,0,14,1,1,0,replacement,0.196,1
7192.29,35000,0.2055,1,1,1,1,4,13440.75,3360.19,1,50,1,0,1,upgrade,0.062,1
2336.54,35000,0.0668,0,0,0,0,1,3351.83,3351.83,2,10,0,0,1,discount,0.038,1
2455.97,10000,0.2456,1,0,0,30,6,4821.32,803.55,1,25,1,0,1,discount,0.408,0
1907.45,20000,0.0954,1,1,1,1,2,5249.15,2624.58,2,1,1,0,0,discount,0.337,1
12108.34,20000,0.6054,0,0,1,30,2,4382.01,2191.0,7,2,0,0,1,genuine_need,0.131,0
4381.0,20000,0.219,1,1,1,30,4,15245.67,3811.42,1,6,1,0,1,upgrade,0.258,1
504.12,75000,0.0067,0,0,0,15,1,1538.24,1538.24,5,12,1,0,0,looks_cool,0.161,0
7156.18,50000,0.1431,1,0,0,1,3,3663.0,1221.0,2,8,1,1,1,upgrade,0.396,1
2492.51,35000,0.0712,0,0,1,15,3,10919.41,3639.8,2,3,0,1,0,genuine_need,0.339,0
449.31,20000,0.0225,1,0,0,30,3,3061.51,1020.5,0,11,0,1,0,upgrade,0.553,0
2992.58,20000,0.1496,0,0,1,4,3,8708.45,2902.82,0,11,0,0,1,social_media,0.269,0
2089.47,35000,0.0597,1,1,0,4,4,6200.28,1550.07,0,9,0,0,1,genuine_need,0.044,0
7555.89,35000,0.2159,0,0,1,4,4,9949.84,2487.46,0,2,0,1,0,discount,0.599,1
998.52,10000,0.0999,1,0,0,1,3,7970.3,2656.77,2,32,0,0,1,boredom,0.253,1
6329.81,35000,0.1809,1,0,0,30,3,5882.38,1960.79,2,11,1,0,0,upgrade,0.721,0
3055.09,50000,0.0611,0,0,0,30,4,15649.51,3912.38,2,4,1,1,1,genuine_need,0.107,0
396.55,20000,0.0198,1,0,1,30,3,2884.25,961.42,0,14,1,0,0,discount,0.445,0
12695.14,10000,1.2695,1,0,1,4,2,3739.79,1869.9,3,5,1,0,1,genuine_need,0.375,0
2715.45,50000,0.0543,0,0,0,15,3,6019.15,2006.38,3,9,0,0,1,genuine_need,0.297,0
1403.04,20000,0.0702,0,0,1,1,3,8125.99,2708.66,1,6,1,1,0,genuine_need,0.068,0
2418.16,20000,0.1209,0,0,0,15,2,3850.82,1925.41,2,26,0,1,1,genuine_need,0.171,1
7028.25,20000,0.3514,0,0,0,15,3,2518.88,839.63,1,62,1,1,1,looks_cool,0.117,1
1472.96,20000,0.0736,0,0,0,30,3,11448.01,3816.0,0,3,1,0,0,social_media,0.543,1
949.11,50000,0.019,0,0,0,30,4,7825.11,1956.28,2,1,1,1,1,replacement,0.203,0
683.68,35000,0.0195,0,0,0,30,7,11895.51,1699.36,0,3,1,1,1,looks_cool,0.117,1
1437.68,20000,0.0719,0,0,0,30,3,6190.58,2063.53,1,11,0,1,0,discount,0.381,1
5500.21,50000,0.11,0,0,1,30,4,5032.34,1258.08,1,3,0,0,0,upgrade,0.174,0
2432.83,50000,0.0487,1,1,1,1,3,2552.33,850.78,4,21,1,1,0,genuine_need,0.269,0
1103.35,50000,0.0221,1,1,1,30,4,4080.1,1020.02,6,7,1,0,0,social_media,0.566,0
836.1,20000,0.0418,0,0,0,15,4,4333.17,1083.29,5,12,1,1,0,upgrade,0.363,1
1615.96,20000,0.0808,1,1,1,4,2,2383.71,1191.86,0,8,1,1,0,replacement,0.352,0
10042.53,100000,0.1004,1,1,1,1,3,5909.58,1969.86,4,29,0,1,1,replacement,0.13,0
1670.39,50000,0.0334,1,1,0,15,3,8050.94,2683.65,0,1,1,1,1,genuine_need,0.047,1
15716.35,10000,1.5716,0,0,1,4,1,2701.11,2701.11,2,16,0,0,1,social_media,0.626,1
2524.13,10000,0.2524,0,0,0,4,1,500.34,500.34,1,13,0,0,1,genuine_need,0.049,0
891.01,20000,0.0446,1,1,0,15,2,7446.7,3723.35,0,13,1,0,0,upgrade,0.22,1
7961.93,75000,0.1062,1,1,0,30,2,6759.93,3379.96,0,7,0,0,1,genuine_need,0.521,0
2358.96,35000,0.0674,1,0,0,30,4,15495.13,3873.78,5,1,0,1,0,discount,0.16,0
4528.6,20000,0.2264,1,1,1,4,2,3519.9,1759.95,2,15,1,0,1,upgrade,0.263,1
14610.55,10000,1.4611,0,0,0,4,2,5653.59,2826.8,3,22,0,0,0,discount,0.102,1
380.17,35000,0.0109,0,0,0,1,3,3264.22,1088.07,2,2,0,0,0,genuine_need,0.45,0
555.93,50000,0.0111,0,0,1,4,2,6719.23,3359.62,2,7,1,0,0,replacement,0.208,0
4661.09,20000,0.2331,0,0,1,1,1,1064.79,1064.79,1,3,1,1,1,genuine_need,0.169,0
1358.65,50000,0.0272,1,1,1,30,3,4922.85,1640.95,4,12,1,1,1,discount,0.036,1
912.99,75000,0.0122,0,0,0,4,2,4435.84,2217.92,1,19,0,1,0,genuine_need,0.162,0
340.55,20000,0.017,0,0,0,1,2,5161.72,2580.86,1,14,1,0,0,discount,0.356,1
277.31,35000,0.0079,1,0,1,4,2,4917.43,2458.72,3,5,1,0,1,genuine_need,0.155,0
5412.8,20000,0.2706,0,0,0,4,5,4286.68,857.34,1,2,1,1,0,boredom,0.613,1
705.3,50000,0.0141,1,1,0,4,2,3951.73,1975.86,1,19,1,0,1,upgrade,0.43,1
2407.05,35000,0.0688,1,1,0,0,2,7460.36,3730.18,0,5,1,1,0,genuine_need,0.322,1
3459.0,35000,0.0988,1,0,0,30,3,10659.87,3553.29,1,1,1,1,0,genuine_need,0.332,0
2157.31,50000,0.0431,0,0,0,4,3,7703.23,2567.74,0,11,1,0,0,replacement,0.384,0
296.18,20000,0.0148,0,0,0,0,4,10012.54,2503.14,0,4,0,0,1,looks_cool,0.192,1
5555.6,75000,0.0741,0,0,0,1,3,2672.59,890.86,0,23,0,0,0,genuine_need,0.324,0
236.99,35000,0.0068,0,0,0,4,4,4803.63,1200.91,1,2,1,1,0,social_media,0.239,1
5222.58,20000,0.2611,0,0,0,1,3,4152.72,1384.24,2,7,0,0,1,upgrade,0.183,1
8032.22,35000,0.2295,1,1,0,0,1,2208.69,2208.69,2,4,1,0,0,social_media,0.176,1
2184.9,50000,0.0437,0,0,1,4,3,9179.24,3059.75,3,15,0,0,0,looks_cool,0.217,0
2884.1,20000,0.1442,1,1,1,15,3,6337.62,2112.54,0,10,1,0,1,boredom,0.075,1
2468.5,50000,0.0494,0,0,0,1,1,941.21,941.21,2,19,1,1,1,genuine_need,0.246,1
1925.5,75000,0.0257,1,0,0,4,3,6113.16,2037.72,1,8,1,0,0,social_media,0.047,1
7844.46,20000,0.3922,1,1,0,4,2,2138.43,1069.21,0,1,1,0,0,genuine_need,0.206,0
8052.91,100000,0.0805,0,0,0,1,0,0.0,1500.0,2,3,0,0,0,replacement,0.55,0
1632.19,10000,0.1632,0,0,0,4,0,0.0,1500.0,2,85,1,0,1,discount,0.466,1
3541.43,20000,0.1771,1,1,0,1,2,4377.74,2188.87,3,7,1,0,1,upgrade,0.366,1
9356.11,20000,0.4678,1,1,1,0,4,11707.79,2926.95,0,12,0,0,1,discount,0.313,1
11650.98,50000,0.233,1,1,1,4,2,2597.39,1298.7,2,29,0,1,1,boredom,0.248,1
2689.3,35000,0.0768,0,0,0,1,4,3064.42,766.1,1,1,1,0,0,social_media,0.263,1
2310.45,20000,0.1155,0,0,0,1,1,2471.55,2471.55,0,13,1,0,0,upgrade,0.095,1
1343.42,20000,0.0672,1,1,1,4,3,2069.13,689.71,1,5,0,0,1,discount,0.547,1
11368.72,35000,0.3248,1,1,0,30,3,7671.57,2557.19,2,4,1,0,0,genuine_need,0.222,0
739.35,10000,0.0739,0,0,1,15,0,0.0,1500.0,2,4,0,1,1,upgrade,0.34,0
3234.83,50000,0.0647,1,1,0,30,1,1652.61,1652.61,2,21,0,1,0,discount,0.028,0
1362.18,50000,0.0272,0,0,1,30,4,8836.89,2209.22,0,6,1,0,0,social_media,0.034,0
1344.95,35000,0.0384,0,0,1,30,3,11252.0,3750.67,1,1,0,0,1,looks_cool,0.218,0
2016.99,75000,0.0269,0,0,1,15,1,2148.88,2148.88,2,2,1,0,1,replacement,0.3,0
23718.47,20000,1.1859,0,0,0,15,1,3987.94,3987.94,0,2,0,0,1,looks_cool,0.007,1
397.87,100000,0.004,0,0,0,4,4,4198.03,1049.51,1,28,0,1,1,discount,0.248,1
3224.12,35000,0.0921,0,0,0,1,3,8943.81,2981.27,1,7,0,1,0,genuine_need,0.397,0
501.63,35000,0.0143,0,0,1,15,6,16704.99,2784.17,1,30,0,0,1,upgrade,0.145,0
787.48,20000,0.0394,1,1,0,30,5,17765.33,3553.07,0,21,0,1,1,upgrade,0.339,1
2226.63,50000,0.0445,1,1,0,4,3,2470.65,823.55,2,22,0,1,0,upgrade,0.21,1
2700.01,20000,0.135,1,1,0,15,3,4442.17,1480.72,1,5,1,1,1,genuine_need,0.402,1
1248.16,20000,0.0624,1,1,0,4,2,1925.25,962.62,1,4,0,0,1,discount,0.338,1
1531.63,10000,0.1532,0,0,0,4,2,7531.67,3765.84,2,10,0,0,1,genuine_need,0.163,1
518.44,35000,0.0148,1,1,0,4,1,1993.22,1993.22,0,7,0,0,1,looks_cool,0.205,1
1464.5,35000,0.0418,1,1,0,4,0,0.0,1500.0,0,9,0,0,1,looks_cool,0.275,1
12092.85,35000,0.3455,0,0,0,4,6,9182.55,1530.42,0,1,1,0,0,upgrade,0.337,1
10332.91,50000,0.2067,0,0,1,15,1,942.29,942.29,1,43,1,1,0,genuine_need,0.366,0
1627.25,10000,0.1627,0,0,1,30,4,6151.52,1537.88,1,1,0,0,1,discount,0.058,0
3160.85,35000,0.0903,1,1,1,30,4,10360.44,2590.11,2,3,0,1,1,discount,0.225,1
8612.11,20000,0.4306,0,0,0,1,1,3458.31,3458.31,0,14,1,1,0,looks_cool,0.526,1
221.71,50000,0.0044,1,1,1,30,5,9244.34,1848.87,0,3,1,0,0,genuine_need,0.228,0
6025.17,50000,0.1205,1,1,0,4,2,7403.66,3701.83,0,2,1,0,0,discount,0.068,1
10572.75,35000,0.3021,1,1,0,4,4,5419.25,1354.81,1,3,0,1,1,discount,0.43,1
535.19,35000,0.0153,1,1,0,15,1,2927.39,2927.39,2,1,0,1,0,genuine_need,0.105,0
816.27,20000,0.0408,1,0,0,4,3,9224.99,3075.0,4,4,1,1,1,genuine_need,0.253,0
11531.98,20000,0.5766,0,0,0,1,8,11670.96,1458.87,0,4,1,1,0,discount,0.614,1
2899.18,50000,0.058,0,0,1,4,4,2377.58,594.4,0,9,0,1,1,replacement,0.456,0
250.04,20000,0.0125,1,1,0,15,0,0.0,1500.0,0,7,0,1,1,boredom,0.445,1
1242.69,20000,0.0621,0,0,0,4,4,2632.75,658.19,2,8,1,0,1,looks_cool,0.293,1
2292.07,20000,0.1146,0,0,0,15,6,21915.83,3652.64,1,12,0,1,0,discount,0.145,1
4332.14,50000,0.0866,0,0,0,15,2,7674.68,3837.34,0,4,1,1,1,discount,0.342,1
4823.88,20000,0.2412,1,1,0,15,4,12295.32,3073.83,1,2,0,0,0,genuine_need,0.155,1
19052.35,20000,0.9526,0,0,0,30,1,3043.4,3043.4,3,26,0,0,0,looks_cool,0.205,1
1386.47,35000,0.0396,1,1,1,4,1,1343.12,1343.12,2,13,0,0,0,upgrade,0.255,0
2904.33,50000,0.0581,0,0,0,1,2,1517.48,758.74,3,1,0,1,0,upgrade,0.065,1
2867.42,10000,0.2867,0,0,0,4,2,6614.73,3307.36,2,39,1,0,0,looks_cool,0.652,1
2020.98,20000,0.101,1,1,1,4,4,9828.27,2457.07,3,15,0,1,1,genuine_need,0.16,0
848.62,10000,0.0849,0,0,1,15,3,8657.09,2885.7,0,2,0,1,0,upgrade,0.57,0
13473.09,20000,0.6737,1,0,1,0,1,3228.74,3228.74,0,42,1,1,1,discount,0.226,1
6918.19,20000,0.3459,1,0,1,4,5,9665.1,1933.02,1,6,1,0,0,genuine_need,0.403,0
2614.37,35000,0.0747,1,1,0,15,6,6035.48,1005.91,2,50,1,1,1,genuine_need,0.229,1
3435.53,35000,0.0982,0,0,0,15,3,9847.89,3282.63,0,2,0,0,0,discount,0.166,1
1102.35,35000,0.0315,1,1,1,15,3,6264.54,2088.18,2,3,0,0,0,discount,0.494,0
2946.78,20000,0.1473,1,1,1,30,3,10182.7,3394.23,6,13,1,0,0,replacement,0.31,0
4355.71,50000,0.0871,1,1,0,15,5,10159.74,2031.95,0,1,1,0,1,looks_cool,0.08,1
2733.83,20000,0.1367,0,0,0,15,2,2519.11,1259.56,1,1,1,0,1,replacement,0.384,1
16419.36,100000,0.1642,0,0,1,4,3,3295.55,1098.52,1,19,1,0,1,upgrade,0.546,1
3507.69,35000,0.1002,1,1,0,30,4,12414.9,3103.72,1,3,1,1,0,genuine_need,0.267,1
1822.54,10000,0.1823,1,1,0,4,3,7536.34,2512.11,2,31,0,0,0,genuine_need,0.347,0
5376.77,35000,0.1536,0,0,0,1,3,5748.33,1916.11,1,7,0,1,0,upgrade,0.151,1
854.1,20000,0.0427,0,0,1,4,3,6667.23,2222.41,0,25,1,0,0,upgrade,0.097,0
1898.71,35000,0.0542,0,0,1,15,0,0.0,1500.0,2,7,0,0,1,social_media,0.138,0
1691.4,10000,0.1691,0,0,0,30,0,0.0,1500.0,1,10,1,0,0,upgrade,0.242,0
2178.53,20000,0.1089,0,0,0,1,3,5470.74,1823.58,2,5,1,0,0,replacement,0.309,0
5527.88,50000,0.1106,0,0,0,1,6,9140.64,1523.44,4,13,0,0,0,discount,0.124,1
2516.94,20000,0.1258,1,0,0,30,6,11156.9,1859.48,1,5,1,0,0,upgrade,0.161,0
5729.82,50000,0.1146,0,0,0,30,2,4503.94,2251.97,2,4,1,0,1,replacement,0.36,0
3207.11,20000,0.1604,1,1,0,4,5,5533.76,1106.75,1,2,0,0,0,looks_cool,0.426,1
1665.3,35000,0.0476,0,0,0,4,2,3754.61,1877.3,0,1,1,0,0,discount,0.214,0
6012.17,35000,0.1718,0,0,1,15,3,5547.69,1849.23,1,5,1,0,1,replacement,0.431,0
1152.66,35000,0.0329,0,0,1,4,0,0.0,1500.0,0,16,1,1,0,discount,0.359,0
1089.34,20000,0.0545,0,0,0,30,2,7989.47,3994.74,1,3,1,0,0,social_media,0.09,0
2657.68,20000,0.1329,1,1,0,1,4,3030.79,757.7,1,5,1,0,1,social_media,0.092,1
1257.89,10000,0.1258,1,1,1,0,3,8250.99,2750.33,0,29,0,0,1,discount,0.375,1
231.95,20000,0.0116,0,0,0,1,6,6663.21,1110.54,4,13,0,1,1,upgrade,0.452,1
3857.39,35000,0.1102,0,0,1,4,4,13753.34,3438.34,2,31,0,0,1,social_media,0.369,0
2704.55,75000,0.0361,0,0,0,1,4,14798.75,3699.69,1,30,0,0,1,social_media,0.468,0
2264.02,50000,0.0453,1,0,1,1,5,9525.86,1905.17,1,1,0,1,0,discount,0.482,1
12136.03,50000,0.2427,1,1,1,15,5,16910.87,3382.17,0,38,1,0,0,discount,0.054,0
3163.67,50000,0.0633,0,0,1,1,0,0.0,1500.0,2,1,0,0,1,genuine_need,0.588,0
7168.25,35000,0.2048,1,1,1,30,4,3960.96,990.24,0,32,1,0,0,genuine_need,0.563,0
725.64,20000,0.0363,1,0,1,4,2,3211.15,1605.58,0,10,1,1,0,boredom,0.236,0
3147.44,75000,0.042,0,0,0,15,3,5087.58,1695.86,0,10,0,0,1,boredom,0.378,1
7286.8,35000,0.2082,0,0,0,1,5,9453.76,1890.75,0,15,0,0,0,social_media,0.113,1
3262.23,35000,0.0932,1,1,0,1,2,3610.71,1805.36,0,26,1,0,0,upgrade,0.591,0
4630.64,10000,0.4631,1,1,1,4,3,5817.02,1939.01,0,12,1,1,1,genuine_need,0.269,1
1828.5,20000,0.0914,0,0,1,4,2,5970.23,2985.12,1,7,1,0,1,upgrade,0.075,0
539.52,20000,0.027,0,0,0,15,6,8157.18,1359.53,2,2,0,0,0,social_media,0.214,0
2343.07,50000,0.0469,0,0,0,15,1,565.01,565.01,0,19,0,0,0,replacement,0.215,0
1955.83,35000,0.0559,0,0,1,15,2,4427.76,2213.88,1,2,0,0,0,social_media,0.13,0
7262.51,20000,0.3631,1,1,0,4,3,6207.06,2069.02,1,16,0,1,0,discount,0.452,1
1178.98,100000,0.0118,0,0,0,30,4,2840.91,710.23,2,10,1,0,1,discount,0.341,0
12111.29,10000,1.2111,1,1,1,15,1,968.3,968.3,1,6,1,0,1,boredom,0.235,1
11306.83,20000,0.5653,1,1,0,30,2,4569.45,2284.72,5,12,0,0,0,looks_cool,0.226,1
1195.85,10000,0.1196,0,0,0,30,2,2643.26,1321.63,1,18,1,1,1,social_media,0.586,1
1697.27,35000,0.0485,0,0,0,0,2,7143.19,3571.6,3,34,1,0,1,genuine_need,0.065,0
8106.86,75000,0.1081,0,0,0,4,3,3319.57,1106.52,1,4,0,1,1,boredom,0.168,1
12099.53,20000,0.605,1,1,0,4,3,1711.29,570.43,1,36,0,0,0,replacement,0.308,1
2250.93,50000,0.045,0,0,0,15,0,0.0,1500.0,2,39,1,0,0,upgrade,0.228,0
1554.95,20000,0.0777,1,1,0,4,5,19757.85,3951.57,2,21,0,0,1,looks_cool,0.26,1
2813.61,75000,0.0375,1,1,0,15,4,10874.22,2718.56,2,26,1,0,1,replacement,0.667,0
4274.04,50000,0.0855,0,0,0,4,4,6956.42,1739.1,2,15,1,0,0,discount,0.407,1
1318.19,50000,0.0264,1,0,0,1,0,0.0,1500.0,1,1,1,0,1,upgrade,0.154,0
4867.6,10000,0.4868,1,1,1,1,3,6591.96,2197.32,0,11,0,1,1,discount,0.446,1
385.64,75000,0.0051,0,0,0,4,4,4890.52,1222.63,2,17,1,0,1,boredom,0.302,1
376.93,35000,0.0108,0,0,1,15,2,5534.28,2767.14,3,35,0,1,0,social_media,0.088,0
1908.8,20000,0.0954,1,1,1,4,1,2540.53,2540.53,0,11,1,0,1,replacement,0.425,0
1726.49,50000,0.0345,1,1,0,15,2,2856.5,1428.25,2,19,1,0,1,genuine_need,0.343,0
1527.41,20000,0.0764,0,0,1,1,4,2964.36,741.09,1,15,1,0,1,boredom,0.035,0
2563.71,50000,0.0513,0,0,0,1,3,9427.7,3142.57,1,4,1,0,1,discount,0.294,1
1553.6,10000,0.1554,0,0,1,15,2,5098.25,2549.12,3,3,1,0,0,genuine_need,0.304,0
947.29,35000,0.0271,1,0,0,4,2,6894.88,3447.44,2,17,1,0,0,discount,0.151,0
1496.03,35000,0.0427,0,0,1,15,3,4227.9,1409.3,2,4,0,1,0,genuine_need,0.446,0
13097.7,10000,1.3098,0,0,0,30,2,5570.03,2785.02,0,4,0,0,0,genuine_need,0.088,1
2053.33,20000,0.1027,1,0,1,30,3,2746.15,915.38,1,13,1,0,0,discount,0.261,0
2258.94,10000,0.2259,0,0,0,1,1,1521.33,1521.33,2,19,0,1,0,upgrade,0.286,1
3207.58,20000,0.1604,1,1,1,4,5,13989.43,2797.89,0,11,1,0,1,replacement,0.048,0
14531.77,20000,0.7266,0,0,0,15,1,3389.53,3389.53,2,26,0,1,1,discount,0.28,1
1167.91,35000,0.0334,1,0,1,15,3,4869.72,1623.24,1,3,0,0,0,looks_cool,0.152,0
4202.07,20000,0.2101,0,0,0,15,3,9887.96,3295.99,1,4,1,0,1,discount,0.195,1
4605.55,20000,0.2303,1,1,0,1,2,5744.27,2872.14,1,13,0,1,0,upgrade,0.013,1
3471.7,35000,0.0992,1,1,1,1,2,3440.72,1720.36,1,22,0,0,0,discount,0.146,0
524.62,10000,0.0525,0,0,1,4,3,10702.17,3567.39,2,10,1,0,1,discount,0.272,0
4153.98,75000,0.0554,0,0,0,15,4,9129.21,2282.3,2,1,0,1,0,social_media,0.339,1
431.84,50000,0.0086,0,0,1,4,3,8306.59,2768.86,2,14,1,1,1,replacement,0.323,0
3373.43,35000,0.0964,0,0,1,1,0,0.0,1500.0,0,21,1,1,0,genuine_need,0.245,0
4909.12,35000,0.1403,1,1,1,15,2,4169.04,2084.52,1,4,0,0,1,discount,0.348,1
1029.33,50000,0.0206,1,1,0,4,1,3467.92,3467.92,1,1,0,1,0,genuine_need,0.416,0
6649.7,20000,0.3325,0,0,0,1,1,1531.47,1531.47,3,9,1,0,0,upgrade,0.258,1
307.88,10000,0.0308,1,1,1,1,3,1884.61,628.2,0,1,0,1,0,replacement,0.172,0
6698.45,20000,0.3349,1,1,0,4,2,7158.48,3579.24,1,7,0,0,1,replacement,0.283,1
2358.78,50000,0.0472,1,1,0,4,2,6775.17,3387.58,1,1,0,0,0,upgrade,0.138,1
1058.81,10000,0.1059,0,0,0,4,3,5348.88,1782.96,3,4,1,1,0,looks_cool,0.369,1
702.65,35000,0.0201,0,0,0,0,2,2298.16,1149.08,1,6,0,1,0,discount,0.297,1
10924.58,100000,0.1092,0,0,1,1,3,8593.1,2864.37,1,2,0,1,0,genuine_need,0.553,0
464.04,50000,0.0093,0,0,1,4,3,2326.99,775.66,0,2,0,0,0,looks_cool,0.184,0
977.04,35000,0.0279,0,0,0,15,2,3966.28,1983.14,2,22,1,0,0,upgrade,0.5,0
1696.03,10000,0.1696,0,0,0,1,4,3202.07,800.52,1,1,1,1,1,replacement,0.373,1
3588.71,50000,0.0718,0,0,0,4,2,5185.37,2592.68,0,15,1,0,0,upgrade,0.264,1
2954.57,35000,0.0844,1,1,0,1,3,1785.69,595.23,3,21,1,1,0,genuine_need,0.082,0
669.93,10000,0.067,0,0,0,1,2,5404.67,2702.34,2,2,0,1,1,upgrade,0.058,1
1397.38,10000,0.1397,0,0,1,1,2,5712.44,2856.22,2,3,0,1,0,social_media,0.109,0
1154.79,75000,0.0154,0,0,1,1,2,4410.01,2205.0,2,13,1,1,1,discount,0.692,1
1040.76,35000,0.0297,0,0,0,15,3,3337.58,1112.53,0,5,0,1,0,upgrade,0.255,0
2053.51,50000,0.0411,1,0,1,4,3,2564.64,854.88,1,8,0,0,1,replacement,0.363,0
4461.26,50000,0.0892,0,0,0,30,3,4789.57,1596.52,3,22,0,1,1,replacement,0.436,0
1058.2,35000,0.0302,0,0,1,1,2,4256.45,2128.22,0,2,1,0,0,boredom,0.039,1
1798.72,35000,0.0514,0,0,0,1,3,8243.19,2747.73,2,12,1,0,0,replacement,0.171,1
1935.31,20000,0.0968,0,0,1,4,1,504.38,504.38,5,35,1,0,0,discount,0.468,0
13321.17,20000,0.6661,0,0,0,15,4,11954.89,2988.72,0,1,1,1,1,upgrade,0.314,1
11027.97,20000,0.5514,1,0,0,4,4,11977.97,2994.49,1,1,1,1,0,genuine_need,0.191,1
5835.44,50000,0.1167,0,0,0,4,2,4111.76,2055.88,0,10,0,0,1,boredom,0.091,1
1168.18,35000,0.0334,0,0,0,4,1,1701.92,1701.92,0,39,1,1,1,genuine_need,0.428,1
446.62,50000,0.0089,0,0,0,1,3,10344.24,3448.08,0,3,1,1,0,discount,0.376,1
1533.92,20000,0.0767,0,0,0,30,3,9738.17,3246.06,1,5,0,0,1,social_media,0.383,1
1286.15,35000,0.0367,1,0,0,4,2,7882.93,3941.46,2,2,0,0,0,social_media,0.07,1
2667.74,35000,0.0762,1,1,1,15,4,7207.03,1801.76,2,6,0,0,0,social_media,0.515,1
5463.49,35000,0.1561,1,1,0,15,4,14695.66,3673.92,0,1,1,1,0,social_media,0.101,1
7039.72,35000,0.2011,0,0,1,4,2,1611.81,805.9,2,6,0,1,0,upgrade,0.069,0
6722.09,20000,0.3361,0,0,0,1,4,7760.52,1940.13,2,10,1,0,0,looks_cool,0.076,1
1760.23,35000,0.0503,1,1,1,15,3,6386.43,2128.81,2,45,0,0,0,looks_cool,0.279,1
4268.05,10000,0.4268,1,0,1,1,1,2043.06,2043.06,2,21,1,0,1,upgrade,0.533,1
1513.13,20000,0.0757,0,0,0,4,4,10751.37,2687.84,2,21,1,0,1,upgrade,0.423,0
419.94,20000,0.021,0,0,1,15,0,0.0,1500.0,1,4,0,0,1,upgrade,0.046,0
4432.21,35000,0.1266,0,0,0,15,5,17662.91,3532.58,5,2,1,0,1,replacement,0.428,1
234.57,75000,0.0031,0,0,1,15,1,2431.17,2431.17,2,12,1,1,1,genuine_need,0.313,0
2041.87,35000,0.0583,0,0,0,15,4,14658.93,3664.73,2,9,1,0,0,replacement,0.324,0
1598.43,35000,0.0457,0,0,0,1,2,1018.42,509.21,0,9,1,0,0,looks_cool,0.365,1
4337.48,35000,0.1239,1,1,0,4,1,2704.96,2704.96,2,2,1,0,0,discount,0.4,1
5287.19,35000,0.1511,0,0,0,0,5,9718.01,1943.6,2,9,0,0,0,looks_cool,0.184,1
1468.9,10000,0.1469,0,0,0,15,3,6803.54,2267.85,4,2,1,1,1,social_media,0.1,1
6042.66,20000,0.3021,0,0,1,30,2,6206.63,3103.32,0,7,1,0,1,replacement,0.235,0
1418.08,20000,0.0709,1,1,0,4,2,2590.06,1295.03,1,1,0,1,1,genuine_need,0.49,1
2269.13,20000,0.1135,0,0,0,1,7,8520.04,1217.15,0,24,0,0,0,discount,0.134,1
4744.23,10000,0.4744,1,1,0,4,4,11842.11,2960.53,1,1,0,0,1,boredom,0.738,1
4332.27,10000,0.4332,0,0,0,30,2,4649.56,2324.78,1,34,1,0,1,looks_cool,0.233,1
15500.46,20000,0.775,1,1,0,4,0,0.0,1500.0,1,24,1,0,0,social_media,0.366,1
1092.85,100000,0.0109,0,0,1,0,2,4388.13,2194.06,3,17,1,1,0,social_media,0.278,1
3999.78,20000,0.2,0,0,0,30,1,2108.45,2108.45,1,49,0,0,1,upgrade,0.398,0
3492.78,20000,0.1746,0,0,0,30,2,5840.11,2920.06,3,1,1,0,1,genuine_need,0.296,0
8831.92,20000,0.4416,0,0,0,1,3,1527.94,509.31,2,13,0,1,1,replacement,0.469,1
795.11,35000,0.0227,0,0,0,30,3,7660.98,2553.66,1,23,0,0,1,discount,0.114,0
5077.3,20000,0.2539,1,1,1,4,3,7859.62,2619.87,0,2,0,1,1,replacement,0.106,0
3139.83,20000,0.157,0,0,0,4,4,12437.14,3109.28,1,11,1,0,0,social_media,0.078,1
1323.93,35000,0.0378,0,0,0,4,1,3612.31,3612.31,0,7,1,0,1,upgrade,0.183,0
2451.48,10000,0.2451,0,0,0,30,4,8162.66,2040.66,2,7,1,0,1,genuine_need,0.041,0
1621.46,10000,0.1621,1,1,0,15,4,6795.28,1698.82,1,30,0,0,0,social_media,0.227,1
3230.54,20000,0.1615,1,1,0,1,2,1716.24,858.12,5,10,1,0,0,discount,0.304,1
7893.81,10000,0.7894,1,0,0,30,4,6715.7,1678.92,0,2,0,0,0,replacement,0.357,0
3148.24,10000,0.3148,0,0,1,1,6,4438.18,739.7,1,34,1,1,1,boredom,0.433,1
3696.21,20000,0.1848,1,1,0,15,6,19859.22,3309.87,0,3,1,1,0,upgrade,0.15,1
2759.77,50000,0.0552,1,1,0,15,2,6649.04,3324.52,2,27,1,1,0,discount,0.176,1
383.82,35000,0.011,1,0,0,1,2,3920.66,1960.33,5,43,0,0,1,looks_cool,0.523,1
1127.79,35000,0.0322,0,0,0,1,0,0.0,1500.0,3,26,1,0,0,genuine_need,0.572,0
2570.47,20000,0.1285,0,0,0,30,3,2739.21,913.07,2,14,0,0,1,looks_cool,0.164,1
1499.92,75000,0.02,0,0,1,4,1,3479.33,3479.33,1,17,0,0,1,social_media,0.036,0
902.11,20000,0.0451,0,0,1,15,5,17856.17,3571.23,1,15,0,1,0,genuine_need,0.393,0
2655.07,10000,0.2655,1,0,0,4,5,7160.07,1432.01,3,8,0,1,0,discount,0.133,1
1564.31,35000,0.0447,0,0,0,15,3,8028.49,2676.16,2,4,0,0,0,looks_cool,0.327,1
1244.93,10000,0.1245,0,0,0,4,2,2810.58,1405.29,2,5,0,0,0,social_media,0.279,1
2382.58,20000,0.1191,1,1,0,4,3,3863.83,1287.94,2,16,1,1,1,social_media,0.152,1
700.65,35000,0.02,1,0,1,4,4,2296.91,574.23,3,12,0,0,0,genuine_need,0.176,0
9396.47,50000,0.1879,0,0,1,30,2,5040.12,2520.06,3,11,1,1,0,genuine_need,0.4,0
7279.45,20000,0.364,1,1,1,4,3,3074.39,1024.8,4,13,1,1,0,discount,0.363,1
4503.96,35000,0.1287,0,0,0,1,2,1086.6,543.3,0,18,0,0,0,discount,0.238,1
593.01,100000,0.0059,1,0,0,30,2,1733.96,866.98,4,17,1,0,0,boredom,0.156,1
5434.46,10000,0.5434,1,0,1,15,1,1598.19,1598.19,2,2,1,1,1,upgrade,0.454,1
5975.13,20000,0.2988,0,0,1,1,1,2842.07,2842.07,2,6,1,1,0,replacement,0.355,1
5310.01,20000,0.2655,1,0,1,30,5,6045.9,1209.18,2,4,0,0,0,genuine_need,0.323,0
623.5,20000,0.0312,1,1,0,15,2,7213.13,3606.56,2,10,1,0,1,genuine_need,0.372,1
3813.98,20000,0.1907,0,0,0,1,5,7548.55,1509.71,1,1,1,1,1,genuine_need,0.079,1
6492.04,75000,0.0866,0,0,0,1,2,3318.58,1659.29,2,18,0,0,0,discount,0.383,1
3214.27,35000,0.0918,1,1,0,15,1,1262.92,1262.92,3,2,1,0,0,genuine_need,0.518,0
3838.63,35000,0.1097,0,0,0,15,5,6941.59,1388.32,2,4,0,0,0,looks_cool,0.219,0
2346.06,20000,0.1173,0,0,1,1,4,3037.89,759.47,0,19,0,0,0,discount,0.231,0
2832.97,50000,0.0567,1,1,0,4,3,4595.09,1531.7,0,1,1,0,1,looks_cool,0.072,1
322.44,75000,0.0043,1,0,0,4,1,3508.66,3508.66,0,13,0,0,0,upgrade,0.425,0
3765.71,50000,0.0753,0,0,1,4,6,17456.92,2909.49,2,31,0,0,1,discount,0.218,0
497.35,10000,0.0497,0,0,0,1,2,7126.88,3563.44,1,12,0,0,1,upgrade,0.202,1
2198.34,35000,0.0628,0,0,1,1,3,2601.02,867.01,0,15,1,1,1,boredom,0.127,1
1411.83,10000,0.1412,0,0,0,15,0,0.0,1500.0,2,19,0,0,0,social_media,0.175,0
2959.4,20000,0.148,0,0,0,15,3,3907.18,1302.39,1,4,1,0,0,discount,0.279,1
701.19,10000,0.0701,1,1,1,4,4,12097.02,3024.26,2,11,1,0,0,discount,0.404,0
4317.74,35000,0.1234,0,0,1,4,4,15583.33,3895.83,4,5,0,0,1,replacement,0.065,0
5746.81,35000,0.1642,0,0,0,4,4,13415.03,3353.76,3,4,1,1,0,social_media,0.269,1
824.24,10000,0.0824,0,0,1,4,0,0.0,1500.0,1,3,0,0,0,boredom,0.458,0
585.58,20000,0.0293,1,1,0,30,4,6433.24,1608.31,1,11,1,0,0,genuine_need,0.27,0
750.4,20000,0.0375,0,0,0,15,5,3000.14,600.03,2,19,0,1,0,discount,0.348,1
7538.13,20000,0.3769,0,0,0,1,3,1921.75,640.58,1,26,1,1,1,upgrade,0.311,1
2829.12,10000,0.2829,0,0,0,4,2,1556.61,778.3,1,7,1,0,1,looks_cool,0.343,1
2404.03,20000,0.1202,1,1,1,4,3,4401.43,1467.14,1,6,1,1,1,genuine_need,0.322,0
594.96,50000,0.0119,1,1,1,15,5,7823.55,1564.71,1,14,1,1,1,genuine_need,0.313,0
3869.94,10000,0.387,0,0,1,4,0,0.0,1500.0,2,19,1,1,0,genuine_need,0.318,0
7287.33,10000,0.7287,0,0,1,30,4,7669.04,1917.26,1,4,1,0,0,genuine_need,0.134,0
6364.7,20000,0.3182,0,0,0,15,1,3199.93,3199.93,1,5,0,1,0,social_media,0.319,1
3642.76,75000,0.0486,0,0,1,4,6,5969.47,994.91,0,10,1,0,0,genuine_need,0.055,0
473.92,35000,0.0135,0,0,1,30,3,3156.28,1052.09,1,8,1,1,1,discount,0.341,0
617.31,35000,0.0176,0,0,1,15,4,10772.25,2693.06,1,15,1,0,1,looks_cool,0.31,1
376.98,20000,0.0188,0,0,1,15,1,2501.1,2501.1,3,9,0,0,1,genuine_need,0.135,0
1241.97,35000,0.0355,0,0,1,30,4,4156.07,1039.02,2,2,0,0,1,genuine_need,0.035,0
710.27,10000,0.071,0,0,0,4,6,20897.55,3482.92,2,3,0,0,0,boredom,0.25,1
1254.1,35000,0.0358,1,0,1,4,2,3303.42,1651.71,0,28,1,0,0,discount,0.243,0
1901.8,75000,0.0254,0,0,1,30,6,10706.31,1784.38,1,4,1,0,1,genuine_need,0.137,0
10225.41,35000,0.2922,0,0,1,15,4,7886.44,1971.61,0,1,1,1,1,replacement,0.253,0
3499.01,50000,0.07,0,0,0,30,4,6517.83,1629.46,1,16,0,1,0,boredom,0.378,1
6505.78,35000,0.1859,1,0,0,1,3,7353.28,2451.09,1,14,1,0,0,replacement,0.129,0
4536.81,10000,0.4537,1,0,1,15,3,5580.8,1860.27,4,11,0,1,0,social_media,0.238,0
617.73,75000,0.0082,0,0,0,1,2,2816.04,1408.02,2,9,1,0,1,replacement,0.233,0
4860.27,10000,0.486,0,0,1,4,3,10996.99,3665.66,2,42,1,0,0,upgrade,0.275,1
1326.02,35000,0.0379,0,0,0,1,3,4737.68,1579.23,1,2,1,1,0,looks_cool,0.528,1
3767.12,10000,0.3767,0,0,0,1,3,8834.13,2944.71,1,9,1,1,1,genuine_need,0.195,1
1659.41,10000,0.1659,0,0,0,0,2,3430.59,1715.3,2,10,1,0,1,replacement,0.354,1
21420.01,20000,1.071,1,0,0,15,2,4046.54,2023.27,0,1,1,0,0,upgrade,0.167,1
1270.71,20000,0.0635,0,0,0,4,5,6629.01,1325.8,1,7,1,0,0,discount,0.345,1
1345.54,20000,0.0673,1,1,0,1,1,3133.15,3133.15,2,19,0,0,1,genuine_need,0.37,1
9541.19,35000,0.2726,0,0,0,4,2,6160.42,3080.21,0,8,1,0,0,upgrade,0.151,1
287.34,10000,0.0287,1,1,0,1,6,3467.04,577.84,0,25,1,1,0,replacement,0.085,1
4375.49,10000,0.4375,1,0,0,30,4,2842.72,710.68,0,13,1,0,1,genuine_need,0.13,0
4722.6,35000,0.1349,0,0,0,4,1,3728.32,3728.32,2,18,1,1,1,upgrade,0.16,1
6535.7,20000,0.3268,0,0,0,4,3,10832.68,3610.89,3,20,1,1,1,boredom,0.322,1
13033.45,35000,0.3724,0,0,1,30,3,6813.92,2271.31,1,15,1,1,1,replacement,0.111,0
13196.38,35000,0.377,0,0,0,15,2,4453.5,2226.75,1,17,1,1,0,discount,0.069,1
436.27,50000,0.0087,0,0,0,15,1,3343.48,3343.48,1,15,1,0,1,replacement,0.281,0
6237.74,35000,0.1782,1,1,1,15,4,3938.3,984.58,2,10,0,1,1,genuine_need,0.362,0
3837.67,20000,0.1919,0,0,0,30,5,13939.73,2787.95,0,11,0,1,1,replacement,0.151,1
3847.9,35000,0.1099,1,1,1,1,2,4331.88,2165.94,0,3,1,1,1,upgrade,0.217,1
680.79,20000,0.034,0,0,1,30,1,3101.66,3101.66,2,22,1,1,1,replacement,0.42,0
3876.25,20000,0.1938,1,1,0,30,4,2421.44,605.36,1,5,1,0,1,discount,0.316,1
14355.96,50000,0.2871,0,0,0,4,3,7723.62,2574.54,0,10,1,1,0,boredom,0.244,1
8699.26,20000,0.435,1,1,0,15,5,12242.74,2448.55,1,4,1,0,0,genuine_need,0.184,1
2223.94,50000,0.0445,0,0,0,15,2,6885.94,3442.97,2,15,1,0,0,social_media,0.162,1
342.69,50000,0.0069,0,0,0,1,1,2868.93,2868.93,0,45,0,0,0,genuine_need,0.773,0
1774.57,50000,0.0355,1,1,0,1,2,7161.12,3580.56,1,20,1,0,0,genuine_need,0.142,0
6328.31,75000,0.0844,0,0,1,30,1,3605.46,3605.46,3,12,0,0,0,genuine_need,0.338,0
4431.44,20000,0.2216,1,1,0,4,7,13500.02,1928.57,3,11,0,1,1,upgrade,0.124,1
2352.4,20000,0.1176,1,1,0,4,2,1962.04,981.02,1,9,0,0,0,genuine_need,0.328,0
398.37,35000,0.0114,0,0,1,15,6,16235.96,2705.99,0,3,0,1,1,social_media,0.774,1
2148.4,20000,0.1074,0,0,0,4,3,10674.33,3558.11,1,6,1,1,0,genuine_need,0.709,1
2415.64,35000,0.069,1,1,0,0,1,762.34,762.34,2,7,1,1,0,upgrade,0.565,1
9435.92,35000,0.2696,0,0,0,15,4,9810.93,2452.73,1,35,0,1,1,discount,0.324,1
3786.35,35000,0.1082,1,0,0,15,7,6317.49,902.5,2,7,1,0,0,replacement,0.203,0
1507.12,20000,0.0754,1,1,1,1,0,0.0,1500.0,3,11,0,0,1,discount,0.447,0
2807.89,20000,0.1404,0,0,0,30,5,14393.62,2878.72,1,31,1,1,1,replacement,0.547,0
439.18,20000,0.022,0,0,0,1,3,8659.42,2886.47,2,9,1,1,0,replacement,0.351,0
12786.19,10000,1.2786,1,1,0,4,5,13011.52,2602.3,0,4,0,1,0,social_media,0.066,1
1762.33,50000,0.0352,0,0,0,1,3,10521.84,3507.28,1,6,1,1,0,replacement,0.315,0
2474.42,20000,0.1237,0,0,0,15,2,1566.14,783.07,6,6,1,1,1,social_media,0.323,1
1736.31,20000,0.0868,0,0,1,4,3,2605.23,868.41,0,16,0,0,1,replacement,0.188,0
4215.6,10000,0.4216,0,0,1,4,2,7051.75,3525.88,2,5,1,0,1,upgrade,0.659,1
3998.89,35000,0.1143,0,0,0,30,5,11307.34,2261.47,0,16,1,0,0,genuine_need,0.661,0
4597.39,35000,0.1314,0,0,0,0,3,4367.05,1455.68,3,27,1,0,0,upgrade,0.375,1
1292.6,20000,0.0646,1,1,1,15,4,12334.2,3083.55,4,5,1,1,0,upgrade,0.653,1
1527.59,10000,0.1528,0,0,0,4,2,7260.83,3630.42,2,2,1,1,0,genuine_need,0.059,0
668.36,20000,0.0334,0,0,0,30,1,2913.61,2913.61,1,13,1,0,0,upgrade,0.324,0
3929.92,20000,0.1965,1,0,0,4,5,16358.82,3271.76,1,6,1,0,0,genuine_need,0.612,0
342.14,35000,0.0098,1,1,0,1,4,5954.96,1488.74,1,10,0,1,1,looks_cool,0.739,1
3386.8,35000,0.0968,1,0,0,1,5,7553.57,1510.71,0,13,0,0,1,upgrade,0.246,1
7332.59,20000,0.3666,0,0,1,30,5,17622.17,3524.43,0,7,0,0,0,discount,0.341,0
7952.04,20000,0.3976,1,0,1,30,3,7956.06,2652.02,1,32,1,0,1,looks_cool,0.492,1
2286.31,100000,0.0229,0,0,0,4,5,6597.85,1319.57,4,7,1,1,1,genuine_need,0.478,1
2352.14,20000,0.1176,0,0,0,15,2,4669.13,2334.56,3,5,0,1,1,replacement,0.38,0
480.32,35000,0.0137,0,0,1,4,1,2900.51,2900.51,0,27,0,0,0,genuine_need,0.139,0
4088.44,10000,0.4088,0,0,0,30,3,3794.77,1264.92,0,2,1,1,1,genuine_need,0.068,1
6226.37,20000,0.3113,1,0,1,30,6,16753.03,2792.17,3,2,1,1,1,genuine_need,0.158,0
1182.03,10000,0.1182,0,0,0,30,4,2590.03,647.51,4,33,1,0,1,upgrade,0.408,1
2114.4,35000,0.0604,1,1,0,30,1,1562.92,1562.92,3,3,1,0,1,upgrade,0.08,1
6588.74,75000,0.0878,1,1,0,30,6,17153.41,2858.9,0,2,0,1,0,genuine_need,0.162,0
7537.93,20000,0.3769,1,1,1,1,3,3068.17,1022.72,0,10,1,0,0,replacement,0.315,1
1175.2,10000,0.1175,0,0,0,30,2,2555.39,1277.7,0,1,1,0,1,replacement,0.177,1
2999.22,10000,0.2999,1,1,0,15,0,0.0,1500.0,3,12,0,0,0,replacement,0.108,0
948.31,20000,0.0474,0,0,0,30,4,11440.5,2860.12,1,8,1,0,0,discount,0.59,0
576.08,20000,0.0288,0,0,1,4,1,2246.22,2246.22,3,13,0,0,0,discount,0.26,0
8671.66,10000,0.8672,1,1,1,1,4,4952.51,1238.13,0,5,0,1,1,replacement,0.099,1
6211.68,50000,0.1242,0,0,1,4,2,3389.87,1694.94,0,29,1,0,1,social_media,0.644,1
5195.42,20000,0.2598,0,0,1,15,6,15060.94,2510.16,1,4,0,1,1,upgrade,0.321,0
374.98,20000,0.0187,1,1,0,1,2,2087.19,1043.6,4,13,1,1,1,upgrade,0.264,1
6696.57,75000,0.0893,0,0,0,4,2,4372.21,2186.1,2,35,1,0,0,genuine_need,0.241,0
2217.16,10000,0.2217,1,1,0,4,6,11588.46,1931.41,5,7,0,1,1,replacement,0.371,1
1667.03,75000,0.0222,0,0,0,4,5,10842.03,2168.41,3,3,0,0,0,social_media,0.169,1
2967.48,20000,0.1484,0,0,1,4,1,869.46,869.46,3,1,0,1,0,boredom,0.265,0
535.3,50000,0.0107,0,0,1,1,4,3490.96,872.74,1,40,0,0,1,social_media,0.096,0
5146.34,35000,0.147,0,0,0,30,1,3874.39,3874.39,3,18,1,0,0,genuine_need,0.298,0
3256.6,50000,0.0651,0,0,1,15,4,15711.15,3927.79,1,31,0,0,0,genuine_need,0.25,0
922.82,100000,0.0092,1,0,1,0,3,5974.73,1991.58,1,15,0,0,0,upgrade,0.099,0
929.89,20000,0.0465,0,0,0,15,3,9784.45,3261.48,6,6,1,0,1,social_media,0.668,1
912.76,75000,0.0122,1,0,0,15,3,8385.81,2795.27,3,2,0,1,0,genuine_need,0.2,0
405.42,20000,0.0203,0,0,0,0,1,909.21,909.21,1,32,1,0,0,social_media,0.264,0
3301.85,20000,0.1651,0,0,0,4,3,4615.13,1538.38,1,9,0,1,1,discount,0.575,1
6621.66,20000,0.3311,1,0,0,15,2,3195.56,1597.78,2,7,0,1,0,social_media,0.734,1
261.79,35000,0.0075,1,1,0,4,3,7755.63,2585.21,0,11,1,1,0,discount,0.293,1
375.86,20000,0.0188,0,0,0,15,3,7589.76,2529.92,1,2,1,0,1,discount,0.042,1
3176.52,35000,0.0908,1,1,1,4,1,3732.28,3732.28,1,5,1,0,1,replacement,0.303,0
6192.0,35000,0.1769,1,1,0,1,3,9795.38,3265.13,0,13,1,1,1,social_media,0.431,1
1584.68,50000,0.0317,0,0,0,30,4,13995.87,3498.97,2,2,1,0,1,looks_cool,0.51,1
1705.66,50000,0.0341,1,1,1,1,3,10857.9,3619.3,1,2,1,0,0,looks_cool,0.278,1
3375.19,20000,0.1688,0,0,0,15,4,13217.87,3304.47,1,9,1,1,1,genuine_need,0.315,1
1321.74,20000,0.0661,1,1,0,1,4,6660.34,1665.08,2,12,1,0,0,discount,0.151,1
294.39,20000,0.0147,1,1,1,4,2,2505.09,1252.54,0,3,1,0,0,boredom,0.704,1
4851.11,20000,0.2426,1,0,0,4,2,5002.37,2501.18,0,1,1,0,0,discount,0.663,1
3638.97,10000,0.3639,0,0,1,1,0,0.0,1500.0,1,39,0,1,1,genuine_need,0.206,0
3242.56,20000,0.1621,0,0,0,4,2,3705.98,1852.99,2,1,0,1,0,looks_cool,0.067,0
4937.5,20000,0.2469,1,1,0,1,4,13876.74,3469.18,2,1,1,1,0,replacement,0.206,1
4136.24,75000,0.0551,0,0,0,4,3,11585.95,3861.98,0,5,1,1,0,genuine_need,0.643,1
1006.83,35000,0.0288,0,0,0,15,2,4985.77,2492.89,1,4,0,0,0,upgrade,0.307,0
1721.13,20000,0.0861,1,0,1,1,6,12588.43,2098.07,1,11,1,0,1,genuine_need,0.285,0
671.8,35000,0.0192,0,0,1,30,1,3450.1,3450.1,2,27,0,0,0,genuine_need,0.156,0
686.84,10000,0.0687,0,0,1,1,2,1169.89,584.95,0,8,1,0,1,upgrade,0.535,0
4146.66,20000,0.2073,0,0,1,1,6,5709.26,951.54,0,18,1,0,1,discount,0.753,1
7046.57,35000,0.2013,0,0,0,15,1,3459.8,3459.8,2,29,0,0,1,looks_cool,0.401,1
11713.73,20000,0.5857,1,1,1,4,2,6124.2,3062.1,3,3,0,0,1,social_media,0.114,1
3664.28,20000,0.1832,1,1,1,4,5,9782.39,1956.48,3,9,0,0,0,looks_cool,0.244,0
912.13,100000,0.0091,0,0,1,1,3,10832.94,3610.98,0,13,0,0,0,upgrade,0.037,0
590.8,50000,0.0118,1,0,1,30,7,12110.73,1730.1,2,5,1,1,1,replacement,0.362,0
6065.48,35000,0.1733,1,1,0,15,2,5436.92,2718.46,2,17,1,0,1,discount,0.272,1
3225.9,35000,0.0922,1,1,0,1,2,5440.34,2720.17,0,15,1,0,0,discount,0.345,1
3570.78,35000,0.102,0,0,1,4,1,1145.16,1145.16,0,7,1,0,1,discount,0.349,0
5522.79,20000,0.2761,1,1,0,30,0,0.0,1500.0,1,2,0,1,0,replacement,0.042,1
4452.35,20000,0.2226,0,0,0,4,2,7412.05,3706.02,0,1,1,0,0,upgrade,0.318,1
6494.86,10000,0.6495,1,0,1,1,2,2283.9,1141.95,1,6,1,0,0,upgrade,0.24,0
402.5,20000,0.0201,1,0,0,4,4,4430.04,1107.51,2,2,1,0,0,genuine_need,0.217,0
5017.49,35000,0.1434,0,0,0,1,1,2178.65,2178.65,0,19,1,0,0,looks_cool,0.222,1
6859.87,20000,0.343,1,1,0,4,6,4936.14,822.69,2,5,1,0,0,upgrade,0.339,1
1379.72,75000,0.0184,0,0,1,30,3,10893.57,3631.19,2,14,1,0,0,social_media,0.554,0
3780.13,75000,0.0504,1,1,0,4,6,5103.13,850.52,1,6,1,0,1,genuine_need,0.444,1
1519.9,35000,0.0434,0,0,1,4,5,13289.76,2657.95,1,20,0,1,0,discount,0.402,1
11292.89,35000,0.3227,1,1,0,30,1,1689.24,1689.24,2,27,0,0,0,boredom,0.12,0
318.98,50000,0.0064,0,0,0,4,3,9944.87,3314.96,1,22,1,1,1,replacement,0.517,1
3234.53,10000,0.3235,0,0,0,4,5,12821.69,2564.34,0,8,0,0,1,replacement,0.28,1
837.44,50000,0.0167,0,0,1,4,1,1859.07,1859.07,4,2,0,0,1,upgrade,0.256,0
4559.46,10000,0.4559,0,0,0,15,4,15774.22,3943.56,1,6,1,0,1,upgrade,0.481,1
877.08,50000,0.0175,0,0,1,4,3,2195.43,731.81,4,7,1,1,0,discount,0.103,1
1139.33,20000,0.057,1,1,1,4,1,2522.25,2522.25,3,39,0,0,0,upgrade,0.389,0
2586.83,50000,0.0517,0,0,1,30,2,7926.98,3963.49,2,10,1,0,0,discount,0.564,0
8821.07,75000,0.1176,0,0,1,30,3,8755.0,2918.33,2,13,1,0,1,upgrade,0.127,0
1032.63,10000,0.1033,0,0,0,15,2,6178.39,3089.2,2,19,1,0,1,genuine_need,0.134,0
745.18,20000,0.0373,1,1,0,4,3,1836.96,612.32,0,11,0,0,0,boredom,0.265,1
5180.02,100000,0.0518,1,1,1,4,3,1724.31,574.77,2,11,0,0,0,replacement,0.131,0
2630.35,20000,0.1315,1,1,1,1,3,1879.16,626.39,3,4,0,1,0,discount,0.239,1
8697.93,50000,0.174,1,1,1,4,3,11913.1,3971.03,1,1,1,1,1,genuine_need,0.417,1
754.9,35000,0.0216,0,0,1,15,2,7856.64,3928.32,0,16,1,0,0,looks_cool,0.327,0
3833.89,20000,0.1917,0,0,1,4,1,1670.78,1670.78,1,23,0,0,1,boredom,0.047,0
1127.89,20000,0.0564,0,0,0,30,1,1518.44,1518.44,1,7,1,0,1,upgrade,0.467,0
796.76,20000,0.0398,1,1,1,1,4,4043.42,1010.86,3,10,1,1,1,genuine_need,0.293,0
4225.73,50000,0.0845,1,1,1,4,2,3303.98,1651.99,1,5,1,1,1,social_media,0.276,1
3352.19,20000,0.1676,0,0,1,15,1,1795.52,1795.52,2,8,1,0,0,replacement,0.112,0
5120.28,35000,0.1463,0,0,0,4,2,6237.98,3118.99,2,3,0,1,1,social_media,0.6,1
1496.0,20000,0.0748,0,0,1,30,4,14128.11,3532.03,2,18,0,0,1,looks_cool,0.55,0
2279.55,35000,0.0651,0,0,1,30,1,3113.57,3113.57,1,9,1,0,0,discount,0.255,0
2019.95,50000,0.0404,1,0,0,1,4,11050.65,2762.66,1,10,0,1,0,looks_cool,0.275,1
14692.71,100000,0.1469,0,0,1,1,3,9541.95,3180.65,2,1,0,0,0,replacement,0.361,0
1409.82,20000,0.0705,1,1,0,1,3,9254.22,3084.74,1,12,0,0,1,looks_cool,0.486,1
1422.54,50000,0.0285,0,0,1,15,2,4330.25,2165.12,2,3,0,0,1,replacement,0.316,0
1732.32,50000,0.0346,1,1,0,4,1,1675.48,1675.48,2,6,1,1,1,replacement,0.357,1
3110.17,35000,0.0889,1,0,0,15,3,4469.2,1489.73,2,7,0,0,1,looks_cool,0.559,0
1217.74,75000,0.0162,1,0,0,4,0,0.0,1500.0,4,8,1,0,0,discount,0.051,0
8839.82,20000,0.442,1,1,1,15,2,7715.13,3857.56,0,4,1,0,1,social_media,0.065,1
1280.86,10000,0.1281,1,0,0,15,4,10134.77,2533.69,2,23,1,0,1,social_media,0.142,1
8115.58,50000,0.1623,1,0,1,4,1,3693.84,3693.84,0,7,1,1,0,discount,0.439,0
582.3,20000,0.0291,1,1,1,4,0,0.0,1500.0,2,12,0,0,1,genuine_need,0.122,0
3940.63,50000,0.0788,1,1,1,1,0,0.0,1500.0,1,12,0,1,0,discount,0.385,0
8512.5,50000,0.1702,1,1,0,4,4,13950.44,3487.61,1,12,0,1,1,genuine_need,0.066,1
846.88,10000,0.0847,1,1,1,4,1,2708.48,2708.48,2,10,0,0,0,replacement,0.443,0
12283.01,50000,0.2457,1,1,1,4,3,11307.64,3769.21,2,21,1,0,1,discount,0.149,1
2310.83,20000,0.1155,1,1,0,30,4,10258.78,2564.7,2,21,1,1,0,looks_cool,0.114,1
10397.28,35000,0.2971,0,0,0,30,1,1341.88,1341.88,0,7,0,0,0,social_media,0.309,0
4153.41,35000,0.1187,0,0,0,30,3,3765.03,1255.01,2,13,0,1,0,replacement,0.41,0
1456.31,75000,0.0194,0,0,1,4,2,4890.85,2445.43,2,2,0,1,0,looks_cool,0.215,0
930.2,10000,0.093,0,0,0,15,3,11018.08,3672.69,2,2,1,1,0,boredom,0.197,1
1467.09,20000,0.0734,1,0,0,4,2,1506.58,753.29,0,8,0,1,0,replacement,0.38,0
541.71,35000,0.0155,0,0,1,1,2,5230.73,2615.36,3,28,0,0,1,genuine_need,0.312,0
743.66,35000,0.0212,1,0,0,4,2,6388.62,3194.31,1,13,1,0,0,genuine_need,0.14,0
586.93,35000,0.0168,0,0,1,1,2,1807.81,903.9,2,14,0,0,1,upgrade,0.024,0
2124.35,10000,0.2124,0,0,1,4,4,3634.78,908.7,6,3,1,0,1,genuine_need,0.151,0
5756.5,20000,0.2878,1,1,0,4,3,5344.34,1781.45,1,8,1,0,1,upgrade,0.55,1
733.52,20000,0.0367,1,0,1,30,2,2917.17,1458.58,1,7,0,0,0,social_media,0.317,0
688.71,50000,0.0138,0,0,0,4,3,3582.3,1194.1,2,19,0,0,0,discount,0.028,0
3809.28,20000,0.1905,1,0,0,30,4,4781.72,1195.43,0,2,0,0,0,boredom,0.417,0
968.7,20000,0.0484,1,1,1,1,4,3829.37,957.34,1,10,0,0,0,upgrade,0.135,0
559.48,75000,0.0075,0,0,0,1,3,7913.97,2637.99,3,30,1,0,0,genuine_need,0.535,0
838.89,10000,0.0839,0,0,1,4,5,14542.2,2908.44,0,27,1,0,1,upgrade,0.055,0
9207.23,100000,0.0921,1,1,0,15,0,0.0,1500.0,2,23,1,1,0,boredom,0.284,1
6230.52,35000,0.178,0,0,0,0,1,2363.24,2363.24,0,6,0,0,0,genuine_need,0.039,0
1729.7,50000,0.0346,0,0,1,1,2,7670.34,3835.17,0,34,0,1,0,replacement,0.194,0
3933.07,20000,0.1967,0,0,0,4,4,14327.46,3581.86,1,20,0,1,1,social_media,0.518,1
2897.18,10000,0.2897,1,1,1,4,3,11555.13,3851.71,3,23,0,1,1,replacement,0.382,0
4156.71,35000,0.1188,1,1,0,15,4,7443.14,1860.78,4,33,0,0,1,social_media,0.393,1
4217.36,50000,0.0843,1,1,1,4,2,7144.48,3572.24,0,34,0,1,1,upgrade,0.547,0
3667.93,35000,0.1048,0,0,0,1,0,0.0,1500.0,4,4,0,0,0,social_media,0.663,1
1282.85,10000,0.1283,1,1,0,30,1,1689.91,1689.91,2,2,0,1,1,discount,0.411,1
339.26,50000,0.0068,0,0,0,4,4,3492.31,873.08,0,15,1,0,1,genuine_need,0.095,0
2328.03,50000,0.0466,0,0,0,15,2,5778.35,2889.18,1,10,1,1,0,upgrade,0.126,1
7956.59,35000,0.2273,0,0,1,15,3,2932.75,977.58,1,5,1,1,1,replacement,0.175,0
3149.81,50000,0.063,0,0,0,30,6,9169.29,1528.22,3,14,0,0,0,social_media,0.352,0
6451.43,50000,0.129,1,1,0,4,3,6753.83,2251.28,1,1,0,1,1,discount,0.016,1
16938.49,35000,0.484,1,1,0,15,2,5759.18,2879.59,1,1,1,0,0,social_media,0.148,1
825.34,10000,0.0825,0,0,1,4,2,7483.59,3741.8,1,6,0,0,0,upgrade,0.409,0
4319.27,20000,0.216,1,1,1,15,2,5152.68,2576.34,1,3,1,0,0,discount,0.363,1
4126.16,10000,0.4126,1,1,0,4,5,14249.73,2849.95,1,16,1,0,1,genuine_need,0.328,1
13884.29,20000,0.6942,1,1,0,4,3,4755.15,1585.05,2,36,0,0,0,genuine_need,0.32,1
15042.02,20000,0.7521,0,0,0,30,1,2905.52,2905.52,2,13,1,0,0,replacement,0.3,0
4261.84,10000,0.4262,1,1,1,1,5,10161.33,2032.27,0,13,1,0,1,social_media,0.242,1
1177.22,20000,0.0589,0,0,0,30,3,10497.78,3499.26,3,1,1,1,1,discount,0.307,1
5807.85,10000,0.5808,1,1,0,30,3,5620.73,1873.58,3,9,1,0,0,upgrade,0.33,1
596.2,50000,0.0119,0,0,1,4,2,4277.9,2138.95,1,21,0,0,0,looks_cool,0.259,0
5510.59,75000,0.0735,1,1,1,4,2,4028.11,2014.06,0,13,1,0,1,upgrade,0.493,0
8635.45,10000,0.8635,0,0,0,4,4,13355.72,3338.93,1,4,0,0,1,discount,0.292,1
1889.16,75000,0.0252,0,0,1,30,3,11513.84,3837.95,2,23,0,1,1,boredom,0.182,0
3685.9,35000,0.1053,1,1,0,1,6,9872.8,1645.47,2,40,1,0,1,upgrade,0.344,1
2168.29,20000,0.1084,1,1,1,4,0,0.0,1500.0,3,4,0,0,0,social_media,0.524,0
2215.42,10000,0.2215,1,1,0,15,3,8912.23,2970.74,3,3,0,1,1,upgrade,0.568,1
1500.6,35000,0.0429,1,1,0,30,4,14535.34,3633.84,2,5,1,0,0,genuine_need,0.251,0
5226.1,50000,0.1045,0,0,1,15,2,4455.9,2227.95,2,1,0,0,0,looks_cool,0.307,0
9830.72,35000,0.2809,0,0,0,15,2,1762.25,881.12,2,25,0,1,0,boredom,0.227,1
10091.01,10000,1.0091,0,0,0,1,2,3580.7,1790.35,1,32,1,0,1,upgrade,0.097,1
872.37,10000,0.0872,0,0,0,4,2,4852.53,2426.26,0,13,1,0,0,upgrade,0.371,1
7470.87,20000,0.3735,1,1,1,1,1,1961.34,1961.34,2,18,1,0,1,upgrade,0.104,0
4880.35,20000,0.244,1,1,0,30,5,5764.73,1152.95,1,14,0,0,0,boredom,0.101,1
1220.15,20000,0.061,1,0,1,15,2,1258.93,629.46,1,6,1,0,1,looks_cool,0.15,1
443.79,20000,0.0222,1,0,0,15,2,5811.86,2905.93,0,12,1,0,0,genuine_need,0.297,0
1291.9,50000,0.0258,1,1,0,15,1,3974.58,3974.58,0,22,1,1,1,social_media,0.179,1
8714.76,75000,0.1162,0,0,0,4,6,22303.34,3717.22,3,20,1,0,1,discount,0.234,1
3710.08,20000,0.1855,0,0,0,1,2,5782.9,2891.45,1,2,0,1,0,genuine_need,0.324,1
4668.59,75000,0.0622,1,0,1,4,2,6890.71,3445.36,0,8,0,0,1,upgrade,0.472,0
1240.43,20000,0.062,0,0,1,1,3,4185.14,1395.05,4,7,1,0,1,genuine_need,0.443,0
4647.74,20000,0.2324,0,0,0,15,5,13392.6,2678.52,1,17,1,1,0,looks_cool,0.43,1
299.84,20000,0.015,0,0,0,1,1,712.11,712.11,1,9,0,0,0,genuine_need,0.327,0
1846.81,35000,0.0528,1,1,1,15,6,17850.86,2975.14,2,6,0,0,1,looks_cool,0.461,0
3649.31,100000,0.0365,0,0,1,15,5,19472.77,3894.55,0,15,0,0,0,boredom,0.54,0
752.78,35000,0.0215,1,1,1,4,6,21076.74,3512.79,3,8,1,0,0,genuine_need,0.104,0
6260.69,20000,0.313,1,1,1,1,5,11852.72,2370.54,3,4,0,0,1,social_media,0.377,1
1137.72,35000,0.0325,0,0,0,4,3,9781.77,3260.59,1,27,1,1,0,discount,0.514,1
3897.26,10000,0.3897,1,1,1,4,3,11410.94,3803.65,1,2,0,1,1,boredom,0.394,1
2018.34,50000,0.0404,1,0,0,15,2,2512.12,1256.06,1,1,1,1,0,social_media,0.163,0
3372.57,35000,0.0964,1,1,0,1,3,9829.21,3276.4,1,2,0,1,0,discount,0.316,1
597.86,20000,0.0299,1,1,1,30,6,8666.79,1444.46,2,3,1,1,1,boredom,0.36,1
259.7,35000,0.0074,0,0,1,15,5,17846.58,3569.32,0,10,1,0,1,genuine_need,0.117,0
8610.91,35000,0.246,1,1,1,1,2,1688.48,844.24,2,12,1,0,0,upgrade,0.024,0
1299.71,10000,0.13,0,0,0,15,1,1123.76,1123.76,1,8,1,1,0,looks_cool,0.276,1
6195.52,35000,0.177,1,1,0,15,7,21155.1,3022.16,1,3,1,0,0,genuine_need,0.483,1
25886.5,20000,1.2943,1,1,0,15,4,4446.89,1111.72,0,2,1,0,1,boredom,0.239,1
1031.37,35000,0.0295,1,1,1,1,2,2106.38,1053.19,1,9,1,0,0,social_media,0.638,1
1278.41,50000,0.0256,0,0,0,1,3,7332.4,2444.13,0,10,1,1,0,upgrade,0.04,1
4005.4,50000,0.0801,0,0,1,1,5,17112.28,3422.46,2,5,0,1,1,replacement,0.426,0
11978.58,35000,0.3422,0,0,0,4,2,2879.27,1439.64,4,3,0,1,1,genuine_need,0.245,1
8861.56,35000,0.2532,0,0,1,15,2,6887.97,3443.98,1,2,1,0,1,genuine_need,0.094,0
2646.2,10000,0.2646,0,0,1,15,3,9983.51,3327.84,2,1,1,0,0,upgrade,0.718,0
5748.49,50000,0.115,0,0,0,30,5,12634.34,2526.87,1,2,1,0,0,looks_cool,0.305,1
710.61,20000,0.0355,0,0,0,1,3,8288.91,2762.97,1,17,1,1,0,discount,0.255,1
13470.24,20000,0.6735,1,1,1,0,3,1924.63,641.54,1,6,1,1,1,upgrade,0.379,1
11869.34,20000,0.5935,0,0,0,15,2,3569.95,1784.98,0,1,1,1,0,replacement,0.121,1
825.81,10000,0.0826,1,1,1,4,4,5687.53,1421.88,2,9,0,0,0,genuine_need,0.24,0
1445.48,35000,0.0413,1,1,1,4,7,7175.09,1025.01,1,10,0,0,0,boredom,0.413,0
569.36,10000,0.0569,0,0,0,4,1,1863.81,1863.81,0,7,1,0,1,genuine_need,0.49,0
1309.73,35000,0.0374,1,1,1,1,3,5226.49,1742.16,2,2,0,0,1,replacement,0.207,0
6124.03,20000,0.3062,0,0,0,15,3,9153.36,3051.12,2,17,1,0,1,social_media,0.4,1
1863.63,10000,0.1864,1,1,1,4,3,7780.01,2593.34,1,15,1,0,0,upgrade,0.319,1
523.93,35000,0.015,0,0,0,15,2,7391.7,3695.85,1,7,0,1,1,replacement,0.093,0
1666.13,10000,0.1666,0,0,1,30,1,1008.93,1008.93,2,6,1,1,0,boredom,0.682,1
14142.94,20000,0.7071,1,1,0,1,4,2836.48,709.12,2,3,0,1,0,discount,0.122,1
3676.89,35000,0.1051,0,0,0,30,4,9484.51,2371.13,1,17,1,0,1,replacement,0.024,0
2083.45,10000,0.2083,1,1,0,4,6,3021.57,503.6,0,11,0,0,0,looks_cool,0.066,1
837.59,50000,0.0168,0,0,1,30,3,9771.05,3257.02,2,2,1,0,1,genuine_need,0.135,0
15184.92,10000,1.5185,0,0,0,1,3,6812.72,2270.91,1,6,0,0,1,upgrade,0.398,1
6218.34,20000,0.3109,0,0,1,15,3,6624.69,2208.23,3,29,1,1,0,looks_cool,0.356,0
1356.95,35000,0.0388,0,0,0,4,3,5306.21,1768.74,0,8,1,0,0,boredom,0.286,1
454.26,20000,0.0227,0,0,1,15,6,10874.45,1812.41,0,5,0,0,1,upgrade,0.073,0
404.02,10000,0.0404,0,0,1,15,5,10044.84,2008.97,0,13,0,0,0,genuine_need,0.136,0
648.92,20000,0.0324,0,0,0,4,5,2780.57,556.11,5,3,0,1,0,discount,0.047,1
3242.66,20000,0.1621,1,1,0,30,3,2377.23,792.41,0,9,1,1,1,boredom,0.225,1
9446.12,50000,0.1889,0,0,0,4,4,9070.67,2267.67,2,14,1,1,0,discount,0.085,1
2603.29,20000,0.1302,1,1,0,1,2,2050.86,1025.43,1,24,1,0,0,discount,0.39,1
6679.07,50000,0.1336,0,0,0,15,1,3225.67,3225.67,2,15,1,0,0,replacement,0.341,1
2266.35,50000,0.0453,1,1,1,15,1,1460.7,1460.7,1,6,0,1,0,discount,0.146,1
4515.51,20000,0.2258,0,0,0,4,3,2527.95,842.65,2,18,0,0,1,looks_cool,0.423,1
4807.03,75000,0.0641,0,0,1,4,0,0.0,1500.0,1,28,0,0,1,upgrade,0.211,0
868.91,20000,0.0434,0,0,1,30,4,6999.38,1749.84,3,8,1,0,0,replacement,0.061,0
1768.66,75000,0.0236,0,0,0,15,2,1247.22,623.61,2,1,1,0,0,upgrade,0.291,0
3749.65,10000,0.375,1,1,1,1,6,5975.19,995.86,0,26,0,0,0,upgrade,0.05,0
456.62,35000,0.013,0,0,0,1,4,6533.85,1633.46,4,3,0,1,0,upgrade,0.439,1
1770.44,20000,0.0885,1,1,1,30,2,3173.36,1586.68,1,2,0,0,1,genuine_need,0.374,0
2878.5,20000,0.1439,0,0,0,15,5,16506.77,3301.35,7,5,0,1,0,replacement,0.296,0
19727.27,35000,0.5636,0,0,1,30,1,3451.39,3451.39,0,6,0,1,1,looks_cool,0.23,1
2452.14,35000,0.0701,1,0,1,4,7,8238.76,1176.97,3,20,1,0,0,upgrade,0.236,0
6125.95,10000,0.6126,0,0,0,15,2,1867.58,933.79,2,6,0,0,1,boredom,0.102,1
2180.13,20000,0.109,1,1,1,15,1,2719.57,2719.57,5,1,1,0,0,social_media,0.159,1
5770.43,35000,0.1649,0,0,0,4,5,16580.91,3316.18,0,13,0,1,1,upgrade,0.565,1
3367.13,35000,0.0962,1,0,0,4,3,11619.09,3873.03,3,14,0,0,1,replacement,0.364,0
7818.78,75000,0.1043,0,0,1,15,1,523.79,523.79,1,21,1,1,0,discount,0.205,0
2052.31,50000,0.041,1,0,0,4,6,11687.24,1947.87,1,7,0,1,1,replacement,0.281,0
3444.89,75000,0.0459,1,1,1,30,5,15344.79,3068.96,0,2,1,1,1,boredom,0.498,1
3680.06,35000,0.1051,0,0,0,30,4,13599.83,3399.96,1,10,1,1,0,genuine_need,0.335,0
2090.79,20000,0.1045,0,0,1,30,4,2872.0,718.0,2,2,1,0,0,genuine_need,0.549,0
745.47,10000,0.0745,0,0,0,30,3,8646.45,2882.15,0,1,1,0,0,replacement,0.292,0
543.8,50000,0.0109,1,0,0,4,4,6045.14,1511.28,1,19,1,0,0,discount,0.338,1
258.84,35000,0.0074,0,0,0,4,2,1522.18,761.09,2,7,1,0,0,looks_cool,0.438,1
7437.24,10000,0.7437,0,0,0,30,3,6635.58,2211.86,1,9,1,1,0,genuine_need,0.14,1
1144.33,20000,0.0572,0,0,0,4,0,0.0,1500.0,1,14,1,1,1,discount,0.35,1
1031.71,75000,0.0138,0,0,0,1,3,9238.58,3079.53,1,7,1,1,1,genuine_need,0.362,1
4861.79,35000,0.1389,1,1,0,4,3,9283.25,3094.42,2,1,0,0,0,discount,0.413,1
1549.9,20000,0.0775,1,1,0,1,2,6894.47,3447.24,0,4,0,0,0,genuine_need,0.107,1
2668.59,20000,0.1334,0,0,0,15,3,5464.47,1821.49,4,3,0,0,1,discount,0.623,1
820.72,20000,0.041,1,1,0,4,3,1639.75,546.58,0,46,1,0,0,upgrade,0.471,1
11443.89,20000,0.5722,0,0,0,4,1,1409.08,1409.08,2,17,0,0,1,genuine_need,0.228,1
6877.02,20000,0.3439,0,0,1,30,1,2137.34,2137.34,3,8,1,1,0,discount,0.193,1
7177.44,10000,0.7177,0,0,0,15,1,2929.04,2929.04,2,1,1,1,1,discount,0.221,1
2027.63,50000,0.0406,1,0,0,15,2,3674.28,1837.14,2,2,1,1,0,discount,0.267,0
5229.51,20000,0.2615,1,1,0,15,2,4752.34,2376.17,2,21,1,0,1,upgrade,0.057,1
743.69,50000,0.0149,1,1,1,30,1,2334.92,2334.92,1,35,1,0,0,social_media,0.441,0
230.3,50000,0.0046,0,0,0,15,3,3232.31,1077.44,1,1,0,1,0,upgrade,0.266,1
270.61,20000,0.0135,0,0,1,4,3,8042.02,2680.67,2,29,0,0,0,boredom,0.182,0
3291.7,35000,0.094,0,0,0,30,0,0.0,1500.0,0,6,0,1,0,boredom,0.182,1
2326.93,20000,0.1163,1,0,0,1,2,6655.43,3327.72,1,3,0,0,0,social_media,0.168,0
2754.45,50000,0.0551,1,1,1,30,2,5834.28,2917.14,2,2,0,1,0,looks_cool,0.349,0
226.22,20000,0.0113,1,0,0,4,6,5340.85,890.14,0,18,1,1,0,boredom,0.072,1
2122.8,35000,0.0607,0,0,0,4,4,8842.62,2210.66,0,8,0,0,1,replacement,0.471,1
4631.31,35000,0.1323,0,0,1,1,2,5917.46,2958.73,0,22,0,1,1,boredom,0.074,1
2246.24,20000,0.1123,0,0,1,4,5,4022.71,804.54,2,4,1,0,1,replacement,0.35,0
4811.55,10000,0.4812,0,0,1,15,2,6547.48,3273.74,0,14,0,0,0,genuine_need,0.106,0
1128.53,35000,0.0322,0,0,1,30,5,6385.08,1277.02,1,2,1,1,0,boredom,0.192,1
6070.92,35000,0.1735,0,0,1,30,3,6782.39,2260.8,1,2,0,1,1,replacement,0.114,0
3307.23,20000,0.1654,0,0,1,30,2,7583.93,3791.96,0,2,0,1,0,discount,0.097,0
1028.41,35000,0.0294,1,0,0,4,2,4999.34,2499.67,2,20,0,0,1,boredom,0.434,1
1145.46,20000,0.0573,1,1,1,30,4,7936.76,1984.19,1,13,0,0,1,genuine_need,0.216,0
3661.3,35000,0.1046,0,0,1,4,3,1571.35,523.78,2,3,0,1,0,replacement,0.266,0
6400.61,20000,0.32,0,0,0,30,4,3867.79,966.95,1,6,1,0,0,discount,0.392,1
2080.26,50000,0.0416,0,0,0,1,7,17677.27,2525.32,4,18,1,1,1,social_media,0.326,1
1245.84,20000,0.0623,1,1,0,4,4,8913.55,2228.39,3,5,1,0,1,social_media,0.123,1
7261.23,20000,0.3631,1,1,1,30,5,8867.01,1773.4,3,31,0,1,0,looks_cool,0.341,1
4072.57,10000,0.4073,1,1,0,30,1,3731.26,3731.26,4,30,1,1,0,genuine_need,0.643,1
2280.27,10000,0.228,1,1,1,15,2,3327.38,1663.69,0,10,0,1,1,upgrade,0.195,0
2542.33,35000,0.0726,0,0,0,15,4,9520.11,2380.03,1,12,1,1,0,social_media,0.285,1
999.67,20000,0.05,0,0,1,1,0,0.0,1500.0,2,13,0,0,0,social_media,0.173,0
3649.77,50000,0.073,0,0,0,15,3,7038.42,2346.14,4,4,1,0,1,replacement,0.444,0
1755.13,10000,0.1755,0,0,1,15,1,2171.55,2171.55,1,6,1,0,1,replacement,0.332,0
19227.65,20000,0.9614,1,1,1,1,2,3359.45,1679.72,0,2,1,0,0,replacement,0.198,1
2489.98,20000,0.1245,0,0,1,1,2,7361.35,3680.68,0,32,1,0,0,looks_cool,0.279,0
2528.58,10000,0.2529,0,0,1,1,3,6233.43,2077.81,1,16,1,1,1,looks_cool,0.493,1
3120.29,10000,0.312,0,0,1,15,3,7048.71,2349.57,1,1,0,0,0,genuine_need,0.083,0
8900.93,20000,0.445,1,1,0,1,3,8393.02,2797.67,2,10,1,1,0,replacement,0.14,1
5847.38,20000,0.2924,0,0,0,4,3,2210.39,736.8,2,6,0,1,1,upgrade,0.398,1
2299.63,20000,0.115,1,1,1,4,2,6469.02,3234.51,2,21,0,0,1,boredom,0.286,0
4639.16,35000,0.1325,0,0,0,4,3,6881.33,2293.78,0,6,0,0,1,boredom,0.021,1
3288.6,35000,0.094,0,0,0,15,1,2800.12,2800.12,1,13,1,0,1,discount,0.485,1
2572.99,10000,0.2573,0,0,0,15,3,9606.13,3202.04,1,3,0,0,1,genuine_need,0.032,1
947.54,20000,0.0474,1,1,0,4,3,10678.04,3559.35,3,10,1,0,1,genuine_need,0.291,1
2382.26,75000,0.0318,0,0,0,4,5,9363.86,1872.77,3,5,1,1,0,upgrade,0.127,1
1187.43,35000,0.0339,1,0,1,4,6,20040.03,3340.0,3,3,1,0,1,boredom,0.196,0
8821.37,35000,0.252,0,0,0,30,1,1405.93,1405.93,2,12,1,0,1,genuine_need,0.338,0
1630.03,20000,0.0815,0,0,0,4,2,5622.35,2811.18,2,13,0,0,1,social_media,0.695,1
10847.24,50000,0.2169,1,1,0,4,5,4297.38,859.48,1,50,0,0,1,genuine_need,0.315,0
2865.41,50000,0.0573,0,0,1,15,3,1710.32,570.11,2,14,1,1,1,upgrade,0.063,0
3694.52,35000,0.1056,1,0,1,4,3,2505.51,835.17,1,9,1,1,0,social_media,0.184,1
2940.3,100000,0.0294,1,1,1,30,3,4853.52,1617.84,2,30,1,1,0,discount,0.192,0
684.93,10000,0.0685,0,0,0,4,0,0.0,1500.0,0,22,1,0,0,social_media,0.533,1
1849.61,10000,0.185,1,1,1,15,0,0.0,1500.0,1,10,1,1,0,social_media,0.135,1
565.44,50000,0.0113,0,0,1,0,1,1607.91,1607.91,2,9,1,0,0,replacement,0.332,0
3613.86,50000,0.0723,0,0,1,4,3,9231.95,3077.32,1,35,0,0,0,upgrade,0.486,0
2272.59,10000,0.2273,0,0,1,4,4,2642.81,660.7,0,12,0,0,1,social_media,0.256,1
5467.54,20000,0.2734,1,0,0,30,3,3775.37,1258.46,1,16,1,0,0,genuine_need,0.311,0
1071.73,10000,0.1072,0,0,0,30,2,3856.02,1928.01,1,2,0,0,0,upgrade,0.509,0
829.31,20000,0.0415,1,1,0,4,3,5517.84,1839.28,2,16,1,0,1,boredom,0.008,1
2025.02,50000,0.0405,1,1,0,30,1,958.5,958.5,1,4,0,1,0,looks_cool,0.147,1
9340.71,35000,0.2669,0,0,1,15,1,3979.48,3979.48,0,2,1,1,0,social_media,0.352,0
4537.65,20000,0.2269,0,0,1,30,1,1495.54,1495.54,1,23,0,0,0,genuine_need,0.486,0
2100.06,20000,0.105,0,0,1,30,3,9070.84,3023.61,3,15,1,1,0,looks_cool,0.256,1
2749.06,10000,0.2749,0,0,0,1,3,3810.28,1270.09,0,7,0,1,1,looks_cool,0.264,1
507.9,20000,0.0254,0,0,0,15,3,10717.44,3572.48,6,7,1,1,1,discount,0.285,1
14801.38,35000,0.4229,1,1,0,4,5,9285.77,1857.15,2,3,1,1,1,replacement,0.632,1
4042.42,100000,0.0404,1,1,0,0,5,18265.79,3653.16,1,1,0,0,1,upgrade,0.5,1
1376.13,50000,0.0275,1,1,0,4,5,8482.11,1696.42,0,6,0,0,0,social_media,0.345,1
3284.99,10000,0.3285,1,0,1,30,3,1590.76,530.25,0,2,1,0,1,social_media,0.023,0
605.83,50000,0.0121,1,1,0,30,1,2309.57,2309.57,3,7,1,1,1,replacement,0.505,1
12018.11,50000,0.2404,0,0,1,15,2,4673.52,2336.76,1,22,1,1,1,replacement,0.082,0
872.39,50000,0.0174,1,1,0,30,2,1838.84,919.42,2,2,1,0,0,social_media,0.215,0
3854.74,20000,0.1927,1,1,1,30,0,0.0,1500.0,2,2,1,1,0,discount,0.288,0
1185.74,20000,0.0593,0,0,0,0,2,6484.47,3242.24,2,28,1,0,0,upgrade,0.235,0
4625.03,20000,0.2313,1,0,0,4,2,1257.29,628.64,0,17,0,1,0,upgrade,0.166,1
5449.24,10000,0.5449,0,0,1,0,1,2213.34,2213.34,1,1,1,0,1,discount,0.162,1
4116.78,20000,0.2058,1,1,1,1,2,4712.86,2356.43,1,1,0,1,0,genuine_need,0.141,0
3536.24,20000,0.1768,1,0,0,1,2,5820.98,2910.49,0,14,0,0,0,genuine_need,0.193,0
8004.92,20000,0.4002,1,1,0,4,4,2524.39,631.1,0,6,0,0,1,discount,0.332,1
486.62,35000,0.0139,0,0,0,30,1,2549.76,2549.76,2,16,1,1,0,replacement,0.331,0
1606.45,20000,0.0803,1,0,1,30,7,3575.9,510.84,4,7,0,0,0,social_media,0.109,0
1198.9,10000,0.1199,0,0,1,15,5,7140.62,1428.12,6,42,0,1,1,social_media,0.169,0
15684.04,75000,0.2091,0,0,0,30,2,4497.79,2248.9,1,15,1,0,1,social_media,0.252,1
1926.54,75000,0.0257,1,1,0,4,1,3689.48,3689.48,4,1,0,1,1,looks_cool,0.036,1
4816.7,50000,0.0963,1,1,1,30,2,1886.13,943.06,1,5,1,1,1,genuine_need,0.859,0
4240.09,100000,0.0424,1,1,0,4,4,4370.05,1092.51,0,10,0,0,0,replacement,0.578,0
1034.26,35000,0.0296,0,0,1,4,1,2842.38,2842.38,2,2,1,1,0,replacement,0.551,0
1155.92,75000,0.0154,0,0,0,30,3,5436.05,1812.02,1,1,0,0,0,social_media,0.243,0
1356.01,10000,0.1356,1,1,0,4,8,21455.8,2681.98,2,1,0,1,0,upgrade,0.217,1
2053.41,20000,0.1027,0,0,0,4,2,7982.18,3991.09,1,9,1,0,1,replacement,0.027,0
1134.49,20000,0.0567,0,0,0,4,3,11862.15,3954.05,1,12,0,0,0,genuine_need,0.362,0
269.46,20000,0.0135,1,1,0,15,2,3476.0,1738.0,1,2,0,1,0,looks_cool,0.384,1
7603.26,10000,0.7603,0,0,1,30,2,4527.48,2263.74,2,14,1,0,1,discount,0.441,1
11994.95,35000,0.3427,1,1,1,0,4,14665.66,3666.42,0,12,0,0,0,upgrade,0.209,1
1662.64,50000,0.0333,0,0,1,30,9,7403.28,822.59,2,34,1,0,1,boredom,0.308,0
1646.39,35000,0.047,0,0,1,0,3,6249.19,2083.06,2,23,0,1,0,looks_cool,0.324,0
224.91,10000,0.0225,0,0,0,4,5,9107.6,1821.52,0,35,0,0,1,genuine_need,0.534,0
4190.76,50000,0.0838,0,0,0,1,3,4596.27,1532.09,2,41,1,0,1,upgrade,0.108,1
6309.2,35000,0.1803,0,0,1,15,1,3979.71,3979.71,1,7,1,0,1,upgrade,0.096,0
754.88,20000,0.0377,0,0,0,1,2,6134.85,3067.42,1,9,1,0,0,looks_cool,0.151,1
808.85,35000,0.0231,0,0,0,4,2,3721.23,1860.62,3,4,0,1,0,genuine_need,0.171,0
5663.65,20000,0.2832,0,0,0,4,5,17007.88,3401.58,2,9,1,1,0,upgrade,0.399,1
3552.55,20000,0.1776,0,0,0,1,5,11069.16,2213.83,1,2,1,1,1,discount,0.489,1
360.64,75000,0.0048,0,0,0,15,2,7109.77,3554.88,1,14,1,0,0,boredom,0.706,1
3610.08,20000,0.1805,0,0,1,1,2,2864.66,1432.33,2,1,1,0,1,looks_cool,0.092,0
1493.24,20000,0.0747,1,0,1,1,6,7695.6,1282.6,0,4,1,0,0,discount,0.236,0
1810.05,50000,0.0362,1,0,1,4,2,2731.01,1365.5,3,3,1,1,0,discount,0.109,0
5339.78,35000,0.1526,1,1,1,4,6,14308.09,2384.68,1,34,0,0,0,looks_cool,0.424,0
6029.83,10000,0.603,0,0,1,15,3,4558.79,1519.6,2,2,0,0,1,social_media,0.092,1
1989.97,10000,0.199,1,0,0,0,2,2029.84,1014.92,1,27,0,1,1,looks_cool,0.417,1
10491.24,10000,1.0491,1,1,0,1,3,11943.59,3981.2,0,2,0,0,0,looks_cool,0.277,1
2025.79,35000,0.0579,1,1,1,4,2,7303.03,3651.52,2,13,1,1,1,looks_cool,0.216,1
5371.92,20000,0.2686,0,0,0,4,5,13612.72,2722.54,2,5,0,1,0,genuine_need,0.375,1
2514.94,10000,0.2515,1,1,0,30,1,3620.4,3620.4,1,5,1,1,1,replacement,0.339,1
8173.73,75000,0.109,1,1,0,15,4,15096.48,3774.12,0,77,1,0,0,upgrade,0.261,1
8541.81,35000,0.2441,1,0,0,15,4,11465.52,2866.38,1,4,1,0,1,discount,0.125,1
520.17,20000,0.026,0,0,0,4,5,11576.9,2315.38,0,3,1,0,1,replacement,0.238,0
9848.14,35000,0.2814,0,0,0,15,4,14348.03,3587.01,2,11,1,0,0,replacement,0.317,0
6311.11,35000,0.1803,0,0,0,30,3,7461.87,2487.29,3,17,0,0,0,upgrade,0.193,0
5684.18,10000,0.5684,0,0,1,4,3,2831.41,943.8,0,49,0,1,0,boredom,0.386,1
984.99,20000,0.0492,1,1,0,15,2,3567.99,1784.0,1,15,0,0,0,upgrade,0.451,1
5923.79,50000,0.1185,0,0,1,15,1,2060.72,2060.72,0,10,1,0,1,genuine_need,0.512,0
6843.02,20000,0.3422,0,0,0,4,2,7547.58,3773.79,1,7,0,0,0,genuine_need,0.271,0
1394.53,35000,0.0398,0,0,0,4,5,14035.75,2807.15,4,11,0,1,0,replacement,0.058,0
10846.96,20000,0.5423,0,0,0,15,4,14253.89,3563.47,2,12,1,1,1,boredom,0.233,1
379.01,10000,0.0379,0,0,0,1,2,6303.14,3151.57,5,3,1,1,0,boredom,0.068,1
768.44,20000,0.0384,1,1,1,15,3,4753.54,1584.51,0,14,1,0,0,upgrade,0.273,0
2899.49,20000,0.145,1,1,1,30,2,6030.96,3015.48,0,3,1,1,0,discount,0.611,0
3201.36,20000,0.1601,0,0,1,30,6,7101.29,1183.55,0,9,0,0,1,social_media,0.193,0
3826.21,10000,0.3826,0,0,1,4,4,7714.04,1928.51,2,4,0,1,1,genuine_need,0.451,1
259.9,50000,0.0052,0,0,0,1,6,19927.93,3321.32,1,5,1,1,1,upgrade,0.307,1
11498.31,100000,0.115,0,0,0,1,3,7925.26,2641.75,3,12,0,1,0,discount,0.223,1
359.64,50000,0.0072,1,1,0,15,0,0.0,1500.0,2,1,0,0,0,looks_cool,0.132,0
740.36,50000,0.0148,1,1,0,30,2,2782.93,1391.46,1,1,0,0,1,social_media,0.178,1
249.4,20000,0.0125,1,1,0,15,5,15620.6,3124.12,1,2,1,1,1,upgrade,0.158,1
3128.42,75000,0.0417,1,0,0,1,4,4832.54,1208.14,2,3,1,1,1,looks_cool,0.182,1
9622.63,20000,0.4811,0,0,0,30,2,4817.13,2408.56,1,3,1,0,0,discount,0.204,1
4037.6,75000,0.0538,1,0,0,30,1,2017.37,2017.37,2,18,0,0,0,looks_cool,0.295,0
6253.85,100000,0.0625,1,1,0,4,4,9790.66,2447.66,1,8,0,0,0,upgrade,0.125,0
246.8,35000,0.0071,1,1,1,4,6,5846.2,974.37,2,8,1,0,0,genuine_need,0.211,0
2933.22,100000,0.0293,0,0,1,15,8,14114.38,1764.3,1,13,1,1,0,genuine_need,0.086,0
2353.82,35000,0.0673,1,1,1,15,2,5668.33,2834.16,3,16,0,1,0,boredom,0.499,0
2618.8,20000,0.1309,1,0,1,30,1,2454.86,2454.86,2,1,1,0,0,genuine_need,0.566,0
462.34,20000,0.0231,1,0,0,1,3,7264.18,2421.39,2,24,1,1,1,discount,0.149,1
4236.87,35000,0.1211,0,0,0,4,2,4575.81,2287.91,4,54,1,0,0,upgrade,0.207,0
2648.63,10000,0.2649,1,1,0,15,4,15214.39,3803.6,1,2,1,0,0,upgrade,0.546,1
5270.81,35000,0.1506,1,1,1,30,2,7541.99,3771.0,4,13,1,0,1,upgrade,0.272,1
2524.54,100000,0.0252,1,1,1,30,6,10563.04,1760.51,0,1,1,0,0,genuine_need,0.264,0
766.27,20000,0.0383,1,1,0,30,2,3463.27,1731.64,3,1,0,1,0,genuine_need,0.106,0
3856.99,50000,0.0771,1,1,0,4,0,0.0,1500.0,0,5,0,0,1,genuine_need,0.368,0
862.23,75000,0.0115,0,0,1,30,4,3338.49,834.62,3,23,1,0,0,genuine_need,0.456,0
7405.84,75000,0.0987,1,1,0,4,3,4681.57,1560.52,4,13,1,0,1,genuine_need,0.147,0
3523.71,75000,0.047,0,0,1,4,3,3924.11,1308.04,0,8,1,1,1,discount,0.526,1
798.61,35000,0.0228,1,0,0,4,1,1281.86,1281.86,3,7,1,1,0,genuine_need,0.496,0
11676.87,100000,0.1168,0,0,0,30,5,13673.85,2734.77,2,8,0,1,1,replacement,0.186,1
2756.99,50000,0.0551,0,0,1,30,4,7380.9,1845.22,0,5,1,0,1,discount,0.195,0
464.92,20000,0.0232,1,1,1,4,2,2198.15,1099.08,3,26,1,0,1,genuine_need,0.211,0
3650.05,20000,0.1825,1,0,1,1,4,14426.01,3606.5,2,11,0,0,0,looks_cool,0.786,0
1221.85,35000,0.0349,1,0,0,30,4,14238.08,3559.52,0,8,0,0,0,upgrade,0.304,0
5898.27,20000,0.2949,1,1,0,15,2,7037.24,3518.62,3,8,1,0,0,boredom,0.482,1
6159.7,35000,0.176,1,0,1,30,4,7470.43,1867.61,1,33,1,0,0,genuine_need,0.145,0
13712.55,35000,0.3918,0,0,0,4,3,2098.32,699.44,2,16,1,0,0,genuine_need,0.242,0
2639.13,20000,0.132,0,0,0,1,3,2620.79,873.6,2,2,1,1,0,discount,0.519,1
2324.12,35000,0.0664,0,0,1,4,1,1466.17,1466.17,1,7,1,1,0,replacement,0.265,0
5101.03,50000,0.102,0,0,0,1,4,5079.58,1269.9,2,5,0,1,0,discount,0.692,1
697.37,20000,0.0349,0,0,0,4,3,10676.85,3558.95,2,52,1,0,0,upgrade,0.178,1
2970.87,10000,0.2971,1,1,1,1,2,7904.51,3952.26,3,7,0,0,1,upgrade,0.058,0
2965.71,10000,0.2966,1,0,1,1,3,10075.07,3358.36,0,1,0,0,0,looks_cool,0.441,0
528.06,20000,0.0264,0,0,0,1,3,9163.41,3054.47,1,7,1,1,0,genuine_need,0.123,1
2094.4,75000,0.0279,0,0,0,30,2,5120.37,2560.18,1,5,1,0,0,upgrade,0.241,0
6917.42,20000,0.3459,1,1,1,4,4,12778.72,3194.68,2,11,0,0,1,upgrade,0.748,1
6986.53,35000,0.1996,0,0,1,4,0,0.0,1500.0,1,4,1,0,1,discount,0.554,1
565.8,20000,0.0283,0,0,1,30,1,2604.71,2604.71,1,1,1,0,1,genuine_need,0.24,0
532.86,20000,0.0266,1,1,0,15,4,4164.59,1041.15,4,2,1,0,1,upgrade,0.214,1
1266.64,50000,0.0253,1,0,0,15,2,2147.01,1073.51,2,4,0,1,0,upgrade,0.335,1
7471.5,35000,0.2135,0,0,1,15,5,12717.6,2543.52,1,6,1,0,0,boredom,0.25,0
683.01,10000,0.0683,1,1,1,30,3,5001.42,1667.14,2,22,1,0,1,social_media,0.745,0
4655.34,20000,0.2328,0,0,1,30,6,22115.19,3685.86,4,4,0,0,0,genuine_need,0.33,0
573.3,10000,0.0573,1,1,0,15,3,7922.24,2640.75,2,1,0,0,0,upgrade,0.463,0
3615.57,20000,0.1808,0,0,0,30,3,8603.17,2867.72,0,19,0,0,1,social_media,0.457,1
1740.56,35000,0.0497,0,0,0,4,3,1561.12,520.37,0,25,0,0,0,upgrade,0.338,0
5644.21,10000,0.5644,1,0,1,4,2,4491.94,2245.97,1,9,1,1,1,upgrade,0.188,1
1131.59,20000,0.0566,0,0,1,30,3,6027.23,2009.08,1,5,0,0,0,upgrade,0.065,0
3768.03,20000,0.1884,1,1,0,4,1,2970.55,2970.55,1,18,1,0,1,upgrade,0.227,1
1140.7,75000,0.0152,0,0,0,30,5,9196.18,1839.24,4,1,0,0,1,genuine_need,0.178,0
4577.02,100000,0.0458,0,0,0,0,2,7836.03,3918.02,2,31,1,0,1,social_media,0.135,1
7441.22,10000,0.7441,0,0,0,4,0,0.0,1500.0,0,25,0,1,0,discount,0.123,1
674.57,50000,0.0135,0,0,1,30,9,25287.43,2809.71,1,10,0,1,1,replacement,0.032,0
7250.3,20000,0.3625,1,1,1,1,3,11153.08,3717.69,3,4,0,1,1,discount,0.108,1
3351.25,20000,0.1676,0,0,0,30,5,19916.08,3983.22,1,1,0,0,0,replacement,0.212,0
675.81,50000,0.0135,1,1,0,30,1,1192.37,1192.37,1,90,0,1,1,replacement,0.144,0
2152.35,75000,0.0287,1,0,1,30,4,13347.46,3336.86,1,18,1,0,0,social_media,0.325,0
813.82,75000,0.0109,1,1,0,4,4,4272.47,1068.12,1,5,1,0,0,social_media,0.567,1
4417.97,35000,0.1262,0,0,0,15,3,6298.96,2099.65,2,1,0,1,0,discount,0.107,1
5178.44,20000,0.2589,1,1,1,30,4,3402.6,850.65,1,13,0,0,1,social_media,0.297,0
591.38,50000,0.0118,0,0,1,15,2,5363.6,2681.8,2,52,1,0,0,upgrade,0.403,0
2669.26,20000,0.1335,0,0,1,15,3,6419.44,2139.81,0,15,1,1,1,genuine_need,0.088,0
6098.81,35000,0.1743,0,0,0,30,5,13502.23,2700.45,0,2,0,0,0,discount,0.516,0
9829.98,20000,0.4915,0,0,0,15,2,5745.73,2872.86,3,7,1,0,0,replacement,0.306,1
2721.94,35000,0.0778,0,0,0,30,3,8004.04,2668.01,2,2,0,0,1,social_media,0.323,1
10704.66,20000,0.5352,1,0,0,1,2,3058.2,1529.1,0,30,1,0,0,upgrade,0.07,1
2885.2,20000,0.1443,0,0,1,1,4,13717.43,3429.36,1,5,0,1,0,discount,0.207,0
1954.16,75000,0.0261,0,0,0,4,1,2430.9,2430.9,2,16,0,1,0,discount,0.307,1
6798.24,10000,0.6798,1,1,1,4,1,2214.48,2214.48,0,2,1,0,1,social_media,0.117,1
2577.24,35000,0.0736,0,0,0,15,3,11864.17,3954.72,2,2,1,1,1,looks_cool,0.088,1
2434.66,20000,0.1217,0,0,0,1,2,2984.56,1492.28,2,14,0,1,1,genuine_need,0.262,1
2558.85,10000,0.2559,0,0,1,30,3,7044.32,2348.11,2,23,1,1,0,replacement,0.399,0
6765.7,10000,0.6766,1,1,0,4,5,14440.68,2888.14,3,3,0,0,0,looks_cool,0.205,1
6442.05,20000,0.3221,0,0,0,4,2,1876.58,938.29,1,7,1,1,1,upgrade,0.286,1
2008.48,50000,0.0402,0,0,0,4,1,1739.84,1739.84,2,12,0,0,1,upgrade,0.301,0
1618.95,20000,0.0809,0,0,0,4,4,13223.64,3305.91,0,20,0,1,1,genuine_need,0.454,1
2569.96,75000,0.0343,1,0,0,1,3,3985.96,1328.65,1,12,1,1,1,discount,0.407,1
3176.54,35000,0.0908,1,0,0,1,6,13359.1,2226.52,3,2,0,0,0,replacement,0.136,0
1152.88,20000,0.0576,1,1,1,15,3,8121.62,2707.21,2,10,1,0,0,looks_cool,0.571,1
5728.81,35000,0.1637,0,0,1,1,4,11396.27,2849.07,1,26,0,0,1,replacement,0.511,0
2532.65,35000,0.0724,0,0,0,1,1,3049.09,3049.09,0,25,1,1,0,upgrade,0.324,1
1622.87,50000,0.0325,0,0,0,15,6,21185.52,3530.92,1,11,1,0,0,genuine_need,0.269,0
595.39,20000,0.0298,0,0,1,1,4,7500.03,1875.01,0,66,0,1,0,discount,0.378,0
1155.21,20000,0.0578,0,0,0,4,4,11892.85,2973.21,0,2,1,1,0,boredom,0.337,1
10635.1,50000,0.2127,0,0,1,0,4,12250.45,3062.61,0,8,1,0,1,genuine_need,0.436,0
1473.95,75000,0.0197,0,0,1,4,4,6203.84,1550.96,0,18,1,1,0,genuine_need,0.088,0
847.35,50000,0.0169,1,1,0,15,1,3888.55,3888.55,1,2,0,0,1,upgrade,0.326,1
2361.01,20000,0.1181,0,0,1,1,2,7056.53,3528.26,1,44,1,0,0,social_media,0.139,0
1483.98,50000,0.0297,1,1,1,30,5,7572.57,1514.51,1,6,1,0,1,boredom,0.192,1
325.27,20000,0.0163,0,0,1,30,2,5725.48,2862.74,1,6,0,1,1,genuine_need,0.16,0
1566.04,20000,0.0783,0,0,0,1,5,15061.51,3012.3,1,3,1,1,1,social_media,0.486,1
2949.25,20000,0.1475,0,0,0,30,2,4020.39,2010.2,1,5,1,1,0,upgrade,0.61,1
3008.12,35000,0.0859,0,0,1,4,0,0.0,1500.0,1,11,0,0,0,genuine_need,0.149,0
1743.24,20000,0.0872,0,0,0,1,3,8747.41,2915.8,4,7,0,0,0,genuine_need,0.181,0
2275.31,20000,0.1138,0,0,1,0,4,11214.17,2803.54,2,3,1,0,0,boredom,0.047,1
11985.6,50000,0.2397,1,0,0,4,1,1272.94,1272.94,2,20,0,0,0,social_media,0.531,0
1858.19,20000,0.0929,1,1,0,15,1,1927.45,1927.45,3,1,1,1,1,replacement,0.079,1
1245.49,10000,0.1245,0,0,1,4,4,8074.91,2018.73,1,22,0,0,1,boredom,0.207,0
1176.53,10000,0.1177,1,1,1,30,3,9203.44,3067.81,2,4,1,0,0,genuine_need,0.133,0
2342.19,75000,0.0312,1,1,1,15,3,7993.14,2664.38,1,9,1,0,0,replacement,0.294,0
5187.92,35000,0.1482,1,1,1,4,3,2401.54,800.51,1,6,1,1,1,discount,0.442,1
1007.3,20000,0.0504,1,1,0,15,2,3153.89,1576.94,3,11,0,0,1,boredom,0.232,1
4524.08,50000,0.0905,0,0,0,30,2,4311.33,2155.66,4,20,1,0,0,upgrade,0.22,0
274.82,50000,0.0055,0,0,1,1,3,9235.7,3078.57,1,55,0,0,1,social_media,0.439,0
2100.11,20000,0.105,0,0,0,4,2,6204.98,3102.49,1,5,0,0,1,looks_cool,0.131,1
5434.27,35000,0.1553,0,0,1,4,4,8867.61,2216.9,2,10,0,1,1,genuine_need,0.059,0
1647.59,50000,0.033,0,0,0,4,2,1818.53,909.26,2,8,1,0,1,replacement,0.291,0
3103.29,35000,0.0887,1,1,0,4,3,4575.49,1525.16,1,83,0,0,0,genuine_need,0.232,0
1002.85,20000,0.0501,1,1,0,4,1,1391.42,1391.42,0,20,1,0,0,social_media,0.317,1
4941.72,50000,0.0988,1,0,0,15,4,12934.37,3233.59,0,7,1,0,0,discount,0.17,0
387.93,35000,0.0111,1,1,1,15,2,2259.9,1129.95,2,8,1,0,0,genuine_need,0.451,0
6899.76,20000,0.345,1,1,1,4,4,8508.9,2127.22,1,4,1,0,0,upgrade,0.146,0
973.12,20000,0.0487,1,0,1,1,3,8542.55,2847.52,2,17,0,1,0,upgrade,0.203,0
7461.23,10000,0.7461,0,0,0,4,4,15507.01,3876.75,1,23,0,0,0,discount,0.203,1
1721.39,10000,0.1721,0,0,0,4,5,19986.71,3997.34,5,41,1,1,0,social_media,0.113,1
4689.09,50000,0.0938,0,0,0,4,5,19176.14,3835.23,1,11,1,1,0,genuine_need,0.342,0
1545.83,10000,0.1546,1,1,0,30,3,9041.54,3013.85,3,14,0,1,1,upgrade,0.47,1
8472.32,20000,0.4236,0,0,0,4,2,6225.09,3112.54,1,8,1,0,0,genuine_need,0.122,0
673.91,35000,0.0193,1,1,0,0,2,6314.47,3157.24,2,12,0,1,1,social_media,0.557,1
888.27,10000,0.0888,0,0,0,4,1,3519.12,3519.12,1,6,0,1,1,discount,0.192,0
2577.56,100000,0.0258,0,0,0,30,3,11493.75,3831.25,5,17,1,0,0,social_media,0.323,1
499.22,20000,0.025,1,0,0,15,3,6179.91,2059.97,2,1,0,1,0,genuine_need,0.623,0
963.46,20000,0.0482,0,0,0,4,1,1957.79,1957.79,2,1,0,0,1,upgrade,0.212,0
10273.84,20000,0.5137,0,0,0,1,0,0.0,1500.0,4,16,0,0,0,looks_cool,0.702,1
13326.1,20000,0.6663,0,0,0,4,2,5618.72,2809.36,1,33,1,1,1,social_media,0.456,1
1852.07,10000,0.1852,0,0,1,4,1,3214.06,3214.06,3,12,0,1,1,looks_cool,0.33,1
9186.85,35000,0.2625,1,1,0,30,5,17734.53,3546.91,4,16,1,1,1,replacement,0.752,1
2954.75,75000,0.0394,0,0,1,15,4,8386.95,2096.74,1,21,0,1,1,replacement,0.687,0
1300.25,20000,0.065,1,0,0,15,3,5315.41,1771.8,0,6,0,0,0,upgrade,0.177,0
4442.0,35000,0.1269,0,0,1,4,6,23650.4,3941.73,0,2,1,0,1,upgrade,0.289,1
3964.55,35000,0.1133,1,1,0,4,5,6558.03,1311.61,1,33,0,1,0,replacement,0.465,1
16024.61,50000,0.3205,0,0,1,30,3,3831.05,1277.02,3,34,1,0,0,upgrade,0.488,0
1277.82,20000,0.0639,1,1,0,4,6,18023.56,3003.93,3,7,1,0,0,discount,0.247,1
4102.23,20000,0.2051,1,1,1,30,4,4515.2,1128.8,1,3,1,0,1,discount,0.161,1
386.99,20000,0.0193,0,0,0,4,1,1897.93,1897.93,7,27,1,0,1,genuine_need,0.188,0
622.24,35000,0.0178,1,0,0,1,5,7616.77,1523.35,2,15,1,0,0,boredom,0.088,1
213.74,50000,0.0043,1,1,1,15,8,8723.89,1090.49,1,1,1,0,1,discount,0.041,1
26538.21,20000,1.3269,0,0,0,0,2,5057.95,2528.98,2,2,1,0,0,upgrade,0.314,1
5873.05,20000,0.2937,0,0,1,4,2,3614.58,1807.29,2,50,1,0,0,boredom,0.269,1
5608.07,75000,0.0748,1,1,0,4,4,8471.28,2117.82,3,1,1,0,1,genuine_need,0.16,1
2694.77,50000,0.0539,1,1,0,15,4,4742.08,1185.52,3,4,1,0,0,discount,0.547,1
1448.7,100000,0.0145,0,0,1,4,1,3187.53,3187.53,2,10,0,1,0,social_media,0.489,0
774.03,50000,0.0155,0,0,0,0,0,0.0,1500.0,0,3,1,1,0,upgrade,0.358,0
1372.56,20000,0.0686,1,1,0,15,3,5098.54,1699.51,2,4,0,0,0,social_media,0.151,1
1850.46,35000,0.0529,1,1,1,4,2,2765.08,1382.54,1,6,1,1,0,looks_cool,0.139,1
5141.51,35000,0.1469,1,1,1,30,6,12122.48,2020.41,5,4,0,0,0,replacement,0.13,0
2915.28,10000,0.2915,0,0,1,4,2,4245.04,2122.52,1,20,0,0,0,replacement,0.272,0
482.28,35000,0.0138,1,1,0,15,2,4707.67,2353.84,3,9,1,0,0,upgrade,0.384,1
263.68,35000,0.0075,0,0,0,1,3,11659.47,3886.49,3,4,1,1,1,upgrade,0.067,0
577.84,20000,0.0289,0,0,0,15,4,14665.69,3666.42,3,5,0,0,1,genuine_need,0.715,0
2049.67,50000,0.041,1,1,0,15,4,10531.5,2632.88,0,1,1,0,0,replacement,0.174,0
9670.81,35000,0.2763,1,1,1,30,1,636.16,636.16,2,1,1,0,0,looks_cool,0.299,1
3750.62,75000,0.05,0,0,0,0,2,5285.82,2642.91,2,16,0,1,0,discount,0.241,1
5865.13,10000,0.5865,0,0,0,4,8,6510.72,813.84,2,2,0,0,0,replacement,0.191,1
2398.21,20000,0.1199,1,1,0,15,3,8958.61,2986.2,2,8,1,1,1,boredom,0.117,1
1771.13,35000,0.0506,0,0,1,1,3,5595.82,1865.27,4,23,0,0,1,social_media,0.098,0
601.58,20000,0.0301,1,0,1,4,3,10295.81,3431.94,3,6,0,1,0,upgrade,0.187,0
7504.27,35000,0.2144,1,1,1,30,2,7597.7,3798.85,1,6,1,0,0,social_media,0.427,0
5550.08,50000,0.111,0,0,0,4,2,3919.77,1959.88,2,25,1,0,0,discount,0.361,1
844.23,10000,0.0844,1,1,1,30,2,4223.89,2111.95,0,25,0,1,1,discount,0.355,0
2712.91,35000,0.0775,1,1,1,1,1,2565.52,2565.52,0,26,1,1,1,replacement,0.177,0
2538.74,35000,0.0725,1,1,0,15,5,5949.82,1189.96,2,11,0,1,0,replacement,0.131,1
3633.76,20000,0.1817,1,1,0,4,6,22473.99,3745.67,0,37,1,0,0,replacement,0.089,1
10427.83,75000,0.139,1,0,0,4,3,6046.5,2015.5,2,21,1,1,0,genuine_need,0.193,0
3234.35,50000,0.0647,0,0,0,30,6,6503.23,1083.87,2,7,1,1,1,upgrade,0.369,1
2919.5,35000,0.0834,0,0,1,1,2,6339.12,3169.56,1,12,0,0,0,upgrade,0.413,0
380.72,35000,0.0109,1,1,0,30,3,3801.09,1267.03,1,2,0,1,0,genuine_need,0.344,0
427.41,20000,0.0214,0,0,0,15,2,2004.7,1002.35,1,10,0,0,0,looks_cool,0.212,0
926.08,75000,0.0123,0,0,1,4,3,7410.16,2470.05,0,4,0,0,0,discount,0.192,0
315.53,35000,0.009,1,1,1,30,5,14251.17,2850.23,2,4,1,0,0,upgrade,0.226,0
4960.19,35000,0.1417,1,1,1,4,3,7480.41,2493.47,0,2,0,0,1,boredom,0.306,1
4697.26,50000,0.0939,0,0,0,30,3,8393.36,2797.79,4,6,1,0,0,boredom,0.193,1
711.87,20000,0.0356,1,0,0,4,3,2713.0,904.33,1,8,0,0,1,genuine_need,0.427,0
6529.3,50000,0.1306,1,1,0,30,5,10830.32,2166.06,0,11,0,1,1,discount,0.275,1
788.58,20000,0.0394,0,0,0,15,4,6998.26,1749.56,1,5,1,0,0,social_media,0.347,0
1454.25,20000,0.0727,1,1,0,1,3,11720.37,3906.79,0,19,0,1,1,genuine_need,0.326,1
1202.12,20000,0.0601,0,0,0,15,1,673.68,673.68,1,9,0,0,0,genuine_need,0.457,0
1829.96,100000,0.0183,0,0,0,1,4,6176.12,1544.03,0,13,1,0,0,replacement,0.215,0
1228.72,50000,0.0246,0,0,0,4,1,3796.52,3796.52,1,4,0,0,1,replacement,0.216,0
2549.51,35000,0.0728,0,0,0,1,7,27595.66,3942.24,1,21,0,0,1,boredom,0.233,1
2031.37,35000,0.058,0,0,1,0,5,16935.78,3387.16,0,12,0,0,0,social_media,0.278,0
15285.79,35000,0.4367,1,1,1,1,4,3063.98,766.0,2,24,1,0,0,genuine_need,0.346,0
401.43,75000,0.0054,1,1,0,4,7,17253.2,2464.74,2,3,1,0,0,social_media,0.164,1
736.77,20000,0.0368,1,1,0,4,4,7601.72,1900.43,2,6,0,1,0,genuine_need,0.187,1
389.95,20000,0.0195,1,0,0,4,7,23258.09,3322.58,3,2,0,0,0,upgrade,0.325,0
3640.76,20000,0.182,0,0,0,1,4,2770.34,692.58,0,3,0,0,0,replacement,0.374,0
396.18,50000,0.0079,0,0,0,15,3,3569.85,1189.95,1,7,1,0,1,replacement,0.393,0
6537.01,35000,0.1868,1,1,1,15,1,2212.18,2212.18,2,27,1,0,1,replacement,0.119,0
2710.6,20000,0.1355,0,0,1,4,3,3155.3,1051.77,0,10,0,0,0,social_media,0.379,1
2820.37,10000,0.282,0,0,1,30,1,2924.5,2924.5,3,5,1,0,0,replacement,0.448,0
3086.14,50000,0.0617,1,1,1,15,4,13490.74,3372.68,1,17,0,0,0,social_media,0.574,1
855.59,10000,0.0856,0,0,1,15,3,8897.46,2965.82,0,1,1,1,0,genuine_need,0.092,0
970.91,35000,0.0277,1,1,0,4,3,6122.98,2040.99,0,6,1,1,1,discount,0.314,1
1543.74,100000,0.0154,0,0,1,0,3,10723.07,3574.36,2,12,1,0,1,looks_cool,0.314,1
3350.57,20000,0.1675,0,0,0,30,2,1963.8,981.9,1,11,1,0,0,genuine_need,0.23,0
1025.55,20000,0.0513,0,0,1,30,4,5644.74,1411.18,0,12,0,1,0,discount,0.374,0
632.86,35000,0.0181,1,0,0,1,6,13280.33,2213.39,2,3,0,1,1,upgrade,0.177,0
12486.62,50000,0.2497,0,0,0,4,1,714.69,714.69,2,5,1,1,1,replacement,0.198,1
277.79,35000,0.0079,0,0,1,15,6,5009.4,834.9,1,33,1,0,0,genuine_need,0.196,0
5880.56,75000,0.0784,1,1,0,15,7,13237.36,1891.05,1,44,0,1,0,discount,0.115,1
5629.67,10000,0.563,1,1,0,30,2,7607.2,3803.6,1,5,0,1,1,replacement,0.256,1
1434.46,35000,0.041,0,0,0,1,3,11038.34,3679.45,0,13,1,0,0,replacement,0.232,0
710.13,35000,0.0203,0,0,0,4,1,2130.91,2130.91,2,4,1,1,0,social_media,0.314,1
750.86,50000,0.015,0,0,1,1,2,1995.11,997.56,4,6,1,1,0,boredom,0.418,1
4384.07,20000,0.2192,1,0,1,4,2,2246.75,1123.38,3,19,0,0,0,replacement,0.094,0
3803.17,50000,0.0761,1,1,0,0,3,5464.23,1821.41,0,9,1,1,0,social_media,0.369,1
5543.4,35000,0.1584,0,0,0,30,3,3705.78,1235.26,1,23,0,1,1,boredom,0.46,1
9903.01,20000,0.4952,1,1,1,4,4,3161.66,790.42,2,12,1,1,0,genuine_need,0.443,1
4320.97,10000,0.4321,0,0,0,30,0,0.0,1500.0,2,12,0,1,1,upgrade,0.435,1
792.99,50000,0.0159,0,0,0,1,2,5070.14,2535.07,2,1,1,0,0,genuine_need,0.423,0
1176.42,20000,0.0588,0,0,0,1,3,4558.62,1519.54,2,17,1,0,0,looks_cool,0.159,1
6662.36,20000,0.3331,0,0,1,4,4,12905.28,3226.32,2,46,0,0,1,replacement,0.326,0
1021.96,20000,0.0511,0,0,0,4,1,3215.82,3215.82,2,8,0,1,1,replacement,0.495,0
463.5,50000,0.0093,0,0,0,30,1,2218.51,2218.51,1,3,1,0,1,discount,0.481,0
4452.38,35000,0.1272,1,1,0,4,3,2513.59,837.86,2,46,0,0,0,social_media,0.635,1
2002.66,50000,0.0401,0,0,0,1,3,11143.93,3714.64,3,5,0,0,0,upgrade,0.162,0
9041.8,20000,0.4521,1,1,0,1,3,8520.94,2840.31,2,7,1,0,1,discount,0.233,1
3876.93,35000,0.1108,0,0,0,1,4,5458.71,1364.68,1,1,0,0,1,boredom,0.12,1
531.7,35000,0.0152,0,0,0,15,2,5273.18,2636.59,0,2,0,1,1,looks_cool,0.197,1
10538.15,50000,0.2108,0,0,0,4,4,7670.3,1917.58,4,3,0,0,1,social_media,0.149,1
1247.05,75000,0.0166,0,0,0,15,5,13618.62,2723.72,1,10,0,1,0,boredom,0.079,1
1639.55,10000,0.164,0,0,1,15,5,10792.74,2158.55,1,10,0,1,1,looks_cool,0.234,1
2001.1,35000,0.0572,0,0,1,1,5,10995.76,2199.15,1,12,1,0,0,social_media,0.103,0
384.04,10000,0.0384,0,0,0,1,1,3075.59,3075.59,3,11,0,0,1,looks_cool,0.158,0
2601.71,35000,0.0743,0,0,0,15,1,2648.04,2648.04,2,9,0,1,1,social_media,0.108,1
660.64,20000,0.033,1,1,0,15,1,779.83,779.83,2,20,0,0,0,upgrade,0.312,0
1993.55,20000,0.0997,1,1,1,4,5,3644.04,728.81,2,33,1,0,1,upgrade,0.529,0
1711.56,20000,0.0856,0,0,1,1,5,7837.66,1567.53,3,4,0,1,1,genuine_need,0.389,0
5387.35,35000,0.1539,0,0,0,0,5,10029.3,2005.86,1,2,1,1,1,genuine_need,0.156,1
5888.96,20000,0.2944,0,0,1,4,1,1463.28,1463.28,0,7,0,0,1,social_media,0.358,0
782.9,35000,0.0224,1,1,1,0,2,5560.22,2780.11,1,1,1,1,0,discount,0.26,1
1798.02,20000,0.0899,0,0,1,1,3,3548.63,1182.88,3,26,0,0,1,social_media,0.484,0
1835.8,10000,0.1836,0,0,0,4,3,8893.48,2964.49,1,4,1,0,0,boredom,0.577,1
774.63,50000,0.0155,0,0,0,1,3,9618.08,3206.03,3,10,0,0,0,upgrade,0.513,1
5806.07,20000,0.2903,1,1,0,1,3,2805.35,935.12,2,2,1,0,0,genuine_need,0.088,1
4499.27,20000,0.225,0,0,1,30,1,2777.82,2777.82,3,10,0,0,0,discount,0.042,0
939.17,35000,0.0268,1,0,1,4,2,7730.05,3865.02,4,1,1,0,1,genuine_need,0.164,0
1798.96,20000,0.0899,0,0,0,30,1,1174.88,1174.88,0,18,0,0,0,discount,0.238,0
591.41,10000,0.0591,1,1,0,4,3,11047.68,3682.56,1,38,1,1,1,upgrade,0.329,1
3662.96,20000,0.1831,1,1,0,15,6,15727.01,2621.17,1,5,1,1,0,social_media,0.23,1
652.88,75000,0.0087,0,0,0,1,4,10273.23,2568.31,2,4,1,0,0,upgrade,0.399,0
15124.02,35000,0.4321,1,0,0,15,5,3408.65,681.73,1,8,0,0,1,genuine_need,0.026,0
5510.32,35000,0.1574,0,0,0,1,3,9357.15,3119.05,1,12,0,0,1,replacement,0.695,0
1931.41,35000,0.0552,1,1,0,0,1,2173.96,2173.96,4,3,1,1,1,discount,0.117,1
3224.31,20000,0.1612,1,1,1,30,2,6048.22,3024.11,0,20,0,0,0,upgrade,0.031,0
8680.38,20000,0.434,0,0,0,4,5,16660.67,3332.13,4,3,0,0,1,discount,0.252,1
3026.81,50000,0.0605,1,1,0,30,7,16333.01,2333.29,1,1,1,0,0,replacement,0.101,0
871.17,10000,0.0871,0,0,0,4,5,7113.78,1422.76,1,9,0,1,1,looks_cool,0.269,1
1865.81,20000,0.0933,0,0,1,4,3,2986.51,995.5,0,2,1,0,1,boredom,0.242,1
6683.51,20000,0.3342,0,0,0,4,4,4247.04,1061.76,1,15,1,1,1,replacement,0.044,1
3816.98,20000,0.1908,1,1,1,15,2,7068.54,3534.27,3,3,0,1,1,social_media,0.156,1
3881.63,100000,0.0388,0,0,0,4,3,2797.57,932.52,0,21,1,1,1,genuine_need,0.131,1
7256.23,10000,0.7256,0,0,1,30,4,7385.72,1846.43,2,8,1,0,1,social_media,0.304,1
8054.22,35000,0.2301,1,1,1,0,1,1669.96,1669.96,0,11,0,1,1,upgrade,0.379,1
9030.99,20000,0.4515,0,0,0,15,4,14116.38,3529.1,1,3,0,0,0,discount,0.313,1
548.79,100000,0.0055,0,0,1,4,4,8687.71,2171.93,4,2,1,1,0,replacement,0.258,0
2949.39,10000,0.2949,0,0,0,1,1,3987.56,3987.56,2,12,1,1,0,looks_cool,0.142,1
4921.62,20000,0.2461,0,0,0,4,0,0.0,1500.0,1,4,0,0,1,genuine_need,0.351,1
5150.37,35000,0.1472,0,0,0,4,2,6956.47,3478.24,1,6,0,0,1,boredom,0.381,1
3466.28,35000,0.099,0,0,0,1,3,2536.06,845.35,2,8,0,0,1,genuine_need,0.45,0
838.63,20000,0.0419,1,1,1,1,4,5543.43,1385.86,0,4,1,0,1,replacement,0.159,0
5788.18,20000,0.2894,1,1,1,4,3,2922.19,974.06,1,20,0,1,0,discount,0.428,1
4656.77,20000,0.2328,0,0,0,4,3,6368.03,2122.68,3,34,1,1,0,looks_cool,0.319,1
515.26,20000,0.0258,0,0,0,4,2,6028.01,3014.0,1,7,0,0,0,discount,0.194,0
2381.43,20000,0.1191,0,0,0,1,3,3275.17,1091.72,2,30,1,0,0,replacement,0.267,0
868.97,20000,0.0434,1,1,1,0,4,3822.36,955.59,1,26,0,0,0,looks_cool,0.676,0
1640.95,20000,0.082,0,0,0,30,6,15906.78,2651.13,1,3,1,0,0,discount,0.431,1
263.86,20000,0.0132,0,0,1,30,3,3918.28,1306.09,1,3,0,1,1,replacement,0.248,0
1989.81,35000,0.0569,1,1,0,4,5,10888.19,2177.64,0,8,1,0,0,discount,0.191,1
2993.82,75000,0.0399,0,0,0,30,3,2036.74,678.91,2,9,0,1,0,discount,0.509,0
3582.7,35000,0.1024,0,0,1,15,3,8646.43,2882.14,1,6,0,1,1,discount,0.508,1
4011.95,10000,0.4012,1,1,0,1,2,4789.21,2394.6,2,5,1,1,1,social_media,0.223,1
6533.83,10000,0.6534,1,1,0,1,3,8297.94,2765.98,0,7,1,0,1,looks_cool,0.422,1
1049.31,75000,0.014,0,0,0,30,2,2927.84,1463.92,0,15,1,1,0,looks_cool,0.465,1
649.33,20000,0.0325,1,1,0,15,2,2950.22,1475.11,1,2,1,0,1,discount,0.338,1
6875.97,10000,0.6876,0,0,1,30,5,16523.81,3304.76,1,15,1,1,0,genuine_need,0.148,0
796.15,35000,0.0227,1,1,0,30,4,12059.87,3014.97,2,32,1,0,0,social_media,0.327,1
13077.65,35000,0.3736,0,0,0,4,0,0.0,1500.0,4,18,0,0,1,boredom,0.343,1
6670.0,35000,0.1906,1,1,0,0,2,5397.0,2698.5,2,3,0,1,0,replacement,0.535,1
2632.16,20000,0.1316,1,1,0,1,4,3316.62,829.16,1,2,1,0,1,discount,0.382,1
14150.11,10000,1.415,1,0,1,1,5,17483.0,3496.6,1,9,1,0,1,social_media,0.187,1
558.58,75000,0.0074,1,0,1,1,2,6389.35,3194.68,2,38,0,0,0,discount,0.311,0
1463.72,20000,0.0732,0,0,1,4,2,5133.44,2566.72,1,21,1,0,0,boredom,0.209,0
3758.56,35000,0.1074,0,0,0,1,4,14860.33,3715.08,4,10,1,0,0,upgrade,0.376,1
1707.78,35000,0.0488,0,0,0,1,3,3270.7,1090.23,1,2,1,0,1,discount,0.352,1
9426.97,35000,0.2693,1,1,0,4,4,11613.2,2903.3,1,16,1,0,0,genuine_need,0.488,1
437.58,20000,0.0219,1,1,1,4,2,7740.87,3870.44,2,21,1,0,0,looks_cool,0.467,1
2990.21,20000,0.1495,0,0,0,4,4,6340.13,1585.03,0,33,0,1,0,replacement,0.55,1
3328.0,35000,0.0951,1,1,0,4,2,1107.05,553.52,0,12,1,0,0,boredom,0.552,1
3901.77,50000,0.078,1,0,1,15,0,0.0,1500.0,2,9,0,1,1,replacement,0.294,0
1233.43,75000,0.0164,1,1,0,30,3,1573.29,524.43,1,12,0,0,1,replacement,0.206,0
1787.07,10000,0.1787,1,0,0,1,3,10661.6,3553.87,2,35,0,1,0,upgrade,0.264,1
6695.49,20000,0.3348,0,0,0,1,5,3485.27,697.05,1,12,1,0,0,discount,0.426,1
958.95,75000,0.0128,0,0,0,30,6,16708.06,2784.68,0,4,1,0,0,upgrade,0.102,0
6337.95,35000,0.1811,0,0,0,4,2,3640.29,1820.14,1,13,1,1,1,upgrade,0.738,1
3094.62,50000,0.0619,0,0,0,15,10,12116.92,1211.69,2,26,1,0,0,discount,0.545,1
5226.95,20000,0.2613,1,1,0,1,3,10931.71,3643.9,2,11,0,0,0,boredom,0.264,1
4576.37,35000,0.1308,1,1,0,30,1,3111.86,3111.86,2,9,1,0,0,boredom,0.218,1
1014.02,35000,0.029,1,1,1,30,5,8457.71,1691.54,1,16,0,0,0,replacement,0.423,0
3144.24,35000,0.0898,1,0,0,15,3,4483.61,1494.54,1,13,0,1,1,discount,0.087,1
7280.0,20000,0.364,0,0,1,1,2,6152.09,3076.04,0,1,0,1,0,social_media,0.508,1
2180.43,10000,0.218,0,0,0,30,2,6856.0,3428.0,0,16,1,0,0,discount,0.138,0
12096.23,35000,0.3456,0,0,0,15,6,18032.86,3005.48,0,7,0,0,1,genuine_need,0.153,0
2306.55,20000,0.1153,0,0,1,15,1,2739.96,2739.96,2,34,0,0,1,discount,0.175,0
739.24,20000,0.037,0,0,0,0,2,2595.47,1297.73,2,43,1,0,0,social_media,0.343,1
1926.79,75000,0.0257,0,0,0,15,5,17424.07,3484.81,2,8,1,0,0,replacement,0.307,0
10806.31,20000,0.5403,0,0,1,1,2,6247.63,3123.82,3,42,1,1,1,replacement,0.198,0
1548.38,50000,0.031,0,0,0,1,4,9241.84,2310.46,3,5,1,0,0,replacement,0.259,0
7289.94,20000,0.3645,1,1,0,4,3,6871.67,2290.56,0,14,1,1,1,looks_cool,0.228,1
7657.59,35000,0.2188,0,0,0,4,3,7476.32,2492.11,0,1,1,0,0,looks_cool,0.48,1
1708.74,100000,0.0171,0,0,1,15,3,10196.9,3398.97,0,2,1,1,0,genuine_need,0.141,0
504.25,10000,0.0504,0,0,1,15,1,3097.91,3097.91,1,24,0,1,0,social_media,0.379,0
4712.82,10000,0.4713,1,0,0,1,1,3496.86,3496.86,1,27,1,0,0,upgrade,0.424,1
1506.4,20000,0.0753,0,0,0,15,4,9101.96,2275.49,1,10,0,1,0,discount,0.254,0
5546.27,10000,0.5546,0,0,0,30,4,10745.09,2686.27,4,5,1,0,1,upgrade,0.372,1
2246.0,35000,0.0642,1,1,0,1,2,6982.0,3491.0,2,8,0,0,0,upgrade,0.233,1
2524.37,75000,0.0337,1,0,0,4,4,5252.48,1313.12,0,25,1,0,1,looks_cool,0.083,1
5466.34,20000,0.2733,1,1,0,4,2,4108.14,2054.07,0,3,0,0,1,discount,0.364,1
1886.49,20000,0.0943,0,0,0,4,2,5344.57,2672.28,2,5,1,0,0,replacement,0.411,0
2248.97,20000,0.1124,0,0,0,4,3,11109.04,3703.01,1,19,1,0,1,genuine_need,0.376,1
1851.69,35000,0.0529,0,0,1,4,3,1666.28,555.43,0,33,0,0,1,boredom,0.271,1
1802.38,10000,0.1802,1,0,0,0,2,2488.01,1244.01,2,2,0,0,0,genuine_need,0.622,0
2812.52,35000,0.0804,0,0,0,30,2,2641.15,1320.58,2,20,1,1,0,social_media,0.048,1
5990.51,35000,0.1712,0,0,0,15,2,3286.29,1643.14,1,13,0,1,1,upgrade,0.32,0
1771.69,35000,0.0506,0,0,1,4,1,1486.25,1486.25,1,4,1,0,1,genuine_need,0.201,0
2800.05,20000,0.14,0,0,1,4,2,5130.97,2565.48,4,17,1,1,1,social_media,0.324,1
4088.04,35000,0.1168,0,0,1,4,3,10799.01,3599.67,0,16,0,1,1,looks_cool,0.158,1
1298.8,10000,0.1299,1,1,0,4,1,2729.42,2729.42,1,2,1,0,1,genuine_need,0.219,1
1337.74,20000,0.0669,1,1,1,4,3,4036.03,1345.34,0,9,1,0,0,genuine_need,0.366,0
9682.37,50000,0.1936,0,0,0,4,1,3523.13,3523.13,0,18,1,1,1,looks_cool,0.533,1
4699.84,35000,0.1343,0,0,0,4,1,2712.16,2712.16,1,3,1,1,1,upgrade,0.276,1
3212.89,10000,0.3213,1,1,0,1,3,3799.1,1266.37,1,8,1,1,1,discount,0.324,1
3851.65,20000,0.1926,0,0,1,4,4,7063.33,1765.83,2,2,1,0,0,upgrade,0.375,0
304.08,20000,0.0152,0,0,1,30,7,22854.14,3264.88,3,5,0,1,1,upgrade,0.224,0
3569.11,20000,0.1785,0,0,1,1,2,6172.52,3086.26,2,3,1,0,1,replacement,0.201,0
2693.22,20000,0.1347,1,1,1,0,3,7554.11,2518.04,1,9,1,1,1,discount,0.026,1
2961.87,10000,0.2962,1,0,0,1,2,2013.37,1006.68,2,2,0,1,0,genuine_need,0.349,0
1758.86,20000,0.0879,1,0,0,30,4,13246.05,3311.51,0,6,1,0,1,social_media,0.583,1
497.45,35000,0.0142,0,0,0,30,1,1576.4,1576.4,4,4,1,1,0,discount,0.337,1
951.98,35000,0.0272,0,0,1,4,3,9601.78,3200.59,0,17,0,1,1,looks_cool,0.166,0
10737.58,35000,0.3068,1,0,0,30,6,16598.89,2766.48,1,15,0,0,1,boredom,0.085,1
2039.01,10000,0.2039,0,0,1,4,1,1424.6,1424.6,1,2,1,0,0,looks_cool,0.31,0
2400.24,75000,0.032,1,1,0,30,4,4973.17,1243.29,1,37,0,1,0,discount,0.342,1
389.52,50000,0.0078,1,1,0,4,3,2874.55,958.18,0,17,0,1,0,replacement,0.33,0
334.02,50000,0.0067,0,0,0,1,3,4040.44,1346.81,4,12,0,1,1,upgrade,0.047,1
4620.32,50000,0.0924,1,1,0,15,2,2104.8,1052.4,2,8,1,0,0,discount,0.044,1
2903.38,75000,0.0387,0,0,1,4,3,7979.04,2659.68,1,3,1,0,0,social_media,0.028,0
2687.49,35000,0.0768,1,1,0,15,4,10382.96,2595.74,0,40,1,0,1,genuine_need,0.092,0
1174.95,20000,0.0587,0,0,0,4,1,2551.6,2551.6,5,1,0,1,1,boredom,0.353,1
4979.3,35000,0.1423,0,0,0,15,3,8239.84,2746.61,1,15,0,1,1,genuine_need,0.251,1
844.73,35000,0.0241,1,1,0,4,4,13406.98,3351.74,4,9,0,1,0,discount,0.157,1
937.24,35000,0.0268,1,1,0,1,4,14789.74,3697.44,0,28,1,1,1,discount,0.347,1
2361.27,35000,0.0675,0,0,0,30,3,3918.94,1306.31,1,6,1,0,0,discount,0.28,0
1380.43,10000,0.138,1,1,1,30,2,5114.42,2557.21,2,9,1,0,1,discount,0.278,1
1195.07,20000,0.0598,0,0,0,30,4,3096.71,774.18,0,17,0,1,1,genuine_need,0.039,0
3827.07,75000,0.051,0,0,0,15,6,5522.99,920.5,3,1,1,1,1,boredom,0.218,1
3884.11,35000,0.111,0,0,0,15,3,8370.56,2790.19,1,1,0,0,0,boredom,0.664,1
6290.75,35000,0.1797,0,0,0,4,7,15421.22,2203.03,3,3,0,0,1,upgrade,0.339,0
2092.74,20000,0.1046,0,0,0,1,3,9462.49,3154.16,0,2,1,0,1,replacement,0.539,0
465.63,20000,0.0233,0,0,0,1,2,3979.74,1989.87,2,1,1,0,0,genuine_need,0.668,0
1319.11,50000,0.0264,0,0,0,4,2,1893.19,946.6,1,12,1,0,1,genuine_need,0.35,0
13893.04,35000,0.3969,0,0,1,30,5,17760.94,3552.19,1,20,0,0,1,discount,0.501,0
3374.43,50000,0.0675,0,0,0,1,4,3160.44,790.11,1,38,1,0,0,upgrade,0.185,0
4529.39,20000,0.2265,1,1,1,30,1,1161.38,1161.38,3,7,1,0,1,upgrade,0.135,0
225.85,35000,0.0065,0,0,1,4,3,4408.26,1469.42,4,4,0,1,1,upgrade,0.518,1
2755.83,20000,0.1378,1,1,0,15,1,3983.48,3983.48,2,24,1,0,1,looks_cool,0.175,1
333.88,35000,0.0095,1,1,0,1,5,9795.05,1959.01,2,23,1,0,1,genuine_need,0.204,0
3147.64,20000,0.1574,1,1,0,4,4,9023.92,2255.98,0,12,0,0,0,discount,0.271,1
9073.94,20000,0.4537,1,1,0,30,0,0.0,1500.0,3,4,0,0,0,social_media,0.128,1
12293.21,35000,0.3512,1,0,1,4,2,5454.91,2727.46,0,29,1,0,1,boredom,0.309,1
2922.06,75000,0.039,0,0,1,4,2,6889.94,3444.97,3,3,1,0,1,social_media,0.307,0
2345.04,10000,0.2345,0,0,0,1,3,6607.55,2202.52,2,1,0,0,1,discount,0.217,1
10352.57,50000,0.2071,1,1,0,1,6,23415.73,3902.62,1,20,0,0,0,social_media,0.262,1
4118.82,20000,0.2059,1,1,0,1,3,9866.53,3288.84,2,10,1,0,1,boredom,0.135,1
434.85,20000,0.0217,1,1,0,15,3,5714.34,1904.78,3,4,0,0,0,looks_cool,0.233,0
2393.96,10000,0.2394,0,0,1,4,3,5503.35,1834.45,0,14,0,1,1,genuine_need,0.312,0
1161.66,20000,0.0581,1,1,0,4,3,11259.66,3753.22,4,18,1,1,1,discount,0.599,1
2420.78,35000,0.0692,0,0,0,1,2,5790.91,2895.46,0,23,1,0,0,social_media,0.405,1
2327.38,10000,0.2327,0,0,1,30,1,2675.02,2675.02,1,4,0,1,0,discount,0.216,0
3254.17,20000,0.1627,0,0,0,15,1,3152.41,3152.41,2,1,1,0,1,upgrade,0.085,1
1744.39,75000,0.0233,1,1,0,0,2,4925.84,2462.92,4,9,0,0,1,replacement,0.246,1
828.08,10000,0.0828,1,0,0,4,1,1057.08,1057.08,0,24,0,0,0,discount,0.476,0
2652.15,50000,0.053,0,0,0,1,4,6469.02,1617.26,1,3,0,1,0,upgrade,0.355,1
6406.03,20000,0.3203,1,1,1,15,5,12264.04,2452.81,1,7,1,0,0,upgrade,0.453,1
4017.38,35000,0.1148,0,0,1,15,5,2817.94,563.59,1,4,0,0,0,looks_cool,0.386,0
1645.66,20000,0.0823,0,0,0,30,2,4061.45,2030.72,3,1,1,0,1,replacement,0.162,1
9795.06,20000,0.4898,0,0,1,1,4,12581.24,3145.31,3,28,1,0,0,discount,0.127,1
8714.73,20000,0.4357,0,0,0,4,2,2149.64,1074.82,0,2,1,1,1,looks_cool,0.126,1
1022.14,10000,0.1022,0,0,1,1,4,2903.83,725.96,3,18,0,1,1,discount,0.36,1
340.75,20000,0.017,0,0,1,4,4,13704.41,3426.1,1,6,1,0,0,upgrade,0.213,0
4932.42,35000,0.1409,1,1,0,4,7,18623.21,2660.46,1,4,0,1,1,genuine_need,0.475,1
6352.99,50000,0.1271,1,0,1,1,2,2236.05,1118.03,0,34,1,1,1,discount,0.326,0
12232.29,50000,0.2446,0,0,0,15,2,6644.13,3322.06,2,13,0,0,1,boredom,0.279,1
7920.26,35000,0.2263,0,0,0,4,9,25231.08,2803.45,2,14,1,0,0,social_media,0.313,1
3411.7,10000,0.3412,0,0,1,30,4,6677.67,1669.42,4,18,1,0,0,discount,0.113,0
2842.97,20000,0.1421,0,0,1,4,5,9083.43,1816.69,1,6,0,1,1,upgrade,0.105,1
298.83,20000,0.0149,0,0,1,30,1,1045.61,1045.61,1,10,1,1,0,replacement,0.643,0
1191.32,20000,0.0596,0,0,1,30,0,0.0,1500.0,1,4,1,0,1,discount,0.179,0
2354.16,35000,0.0673,1,1,0,30,4,9126.09,2281.52,0,22,0,0,0,genuine_need,0.278,0
3665.76,35000,0.1047,1,0,0,15,3,7348.7,2449.57,2,11,0,0,0,looks_cool,0.713,0
3051.64,20000,0.1526,0,0,1,30,1,3592.22,3592.22,0,4,1,0,1,upgrade,0.353,0
4950.42,20000,0.2475,0,0,0,4,6,3332.44,555.41,3,28,0,0,0,upgrade,0.176,0
1348.63,50000,0.027,0,0,1,1,1,734.23,734.23,3,11,0,0,0,replacement,0.379,0
3113.05,50000,0.0623,1,1,0,15,0,0.0,1500.0,2,9,1,0,0,upgrade,0.398,1
522.95,20000,0.0261,0,0,1,15,1,605.13,605.13,1,1,1,0,0,discount,0.195,0
2068.53,75000,0.0276,0,0,0,30,1,2803.55,2803.55,1,29,1,0,0,replacement,0.543,0
5054.28,75000,0.0674,1,0,1,4,6,16311.47,2718.58,0,37,1,0,1,social_media,0.23,0
4337.75,20000,0.2169,0,0,0,4,3,3713.42,1237.81,2,10,1,0,1,discount,0.1,1
16550.61,20000,0.8275,0,0,1,15,2,2045.85,1022.92,0,8,1,0,0,upgrade,0.253,1
1339.53,35000,0.0383,0,0,0,30,7,7069.28,1009.9,2,6,1,0,1,replacement,0.076,0
2613.36,75000,0.0348,0,0,0,1,4,15345.38,3836.34,4,4,1,0,1,looks_cool,0.466,1
1599.22,50000,0.032,0,0,1,4,2,5854.53,2927.26,1,11,1,1,1,genuine_need,0.513,0
2233.14,10000,0.2233,0,0,1,4,2,5098.0,2549.0,1,2,1,1,1,social_media,0.075,1
7005.97,20000,0.3503,0,0,1,1,3,4886.11,1628.7,4,31,0,0,0,upgrade,0.354,0
